<?xml version="1.0" encoding="utf-8"?><?xml-stylesheet type='text/xsl' href='STIG_unclass.xsl'?><Benchmark xmlns:dc="http://purl.org/dc/elements/1.1/" xmlns:xsi="http://www.w3.org/2001/XMLSchema-instance" xmlns:cpe="http://cpe.mitre.org/language/2.0" xmlns:xhtml="http://www.w3.org/1999/xhtml" xmlns:dsig="http://www.w3.org/2000/09/xmldsig#" xsi:schemaLocation="http://checklists.nist.gov/xccdf/1.1 http://nvd.nist.gov/schema/xccdf-1.1.4.xsd http://cpe.mitre.org/dictionary/2.0 http://cpe.mitre.org/files/cpe-dictionary_2.1.xsd" id="zOS_BMC_MAINVIEW_for_zOS_for_TSS_STIG" xml:lang="en" xmlns="http://checklists.nist.gov/xccdf/1.1"><status date="2022-10-10">accepted</status><title>z/OS BMC MAINVIEW for z/OS for TSS Security Technical Implementation Guide</title><description>This Security Technical Implementation Guide is published as a tool to improve the security of Department of Defense (DoD) information systems. The requirements are derived from the National Institute of Standards and Technology (NIST) 800-53 and related documents. Comments or proposed revisions to this document should be sent via email to the following address: disa.stig_spt@mail.mil.</description><notice id="terms-of-use" xml:lang="en"></notice><front-matter xml:lang="en"></front-matter><rear-matter xml:lang="en"></rear-matter><reference href="https://cyber.mil"><dc:publisher>DISA</dc:publisher><dc:source>STIG.DOD.MIL</dc:source></reference><plain-text id="release-info">Release: 8 Benchmark Date: 23 Nov 2022</plain-text><plain-text id="generator">3.4.0.34222</plain-text><plain-text id="conventionsVersion">1.10.0</plain-text><version>6</version><Profile id="MAC-1_Classified"><title>I - Mission Critical Classified</title><description>&lt;ProfileDescription&gt;&lt;/ProfileDescription&gt;</description><select idref="V-224607" selected="true" /><select idref="V-224608" selected="true" /><select idref="V-224609" selected="true" /><select idref="V-224610" selected="true" /><select idref="V-224611" selected="true" /><select idref="V-224612" selected="true" /><select idref="V-224613" selected="true" /><select idref="V-224614" selected="true" /></Profile><Profile id="MAC-1_Public"><title>I - Mission Critical Public</title><description>&lt;ProfileDescription&gt;&lt;/ProfileDescription&gt;</description><select idref="V-224607" selected="true" /><select idref="V-224608" selected="true" /><select idref="V-224609" selected="true" /><select idref="V-224610" selected="true" /><select idref="V-224611" selected="true" /><select idref="V-224612" selected="true" /><select idref="V-224613" selected="true" /><select idref="V-224614" selected="true" /></Profile><Profile id="MAC-1_Sensitive"><title>I - Mission Critical Sensitive</title><description>&lt;ProfileDescription&gt;&lt;/ProfileDescription&gt;</description><select idref="V-224607" selected="true" /><select idref="V-224608" selected="true" /><select idref="V-224609" selected="true" /><select idref="V-224610" selected="true" /><select idref="V-224611" selected="true" /><select idref="V-224612" selected="true" /><select idref="V-224613" selected="true" /><select idref="V-224614" selected="true" /></Profile><Profile id="MAC-2_Classified"><title>II - Mission Support Classified</title><description>&lt;ProfileDescription&gt;&lt;/ProfileDescription&gt;</description><select idref="V-224607" selected="true" /><select idref="V-224608" selected="true" /><select idref="V-224609" selected="true" /><select idref="V-224610" selected="true" /><select idref="V-224611" selected="true" /><select idref="V-224612" selected="true" /><select idref="V-224613" selected="true" /><select idref="V-224614" selected="true" /></Profile><Profile id="MAC-2_Public"><title>II - Mission Support Public</title><description>&lt;ProfileDescription&gt;&lt;/ProfileDescription&gt;</description><select idref="V-224607" selected="true" /><select idref="V-224608" selected="true" /><select idref="V-224609" selected="true" /><select idref="V-224610" selected="true" /><select idref="V-224611" selected="true" /><select idref="V-224612" selected="true" /><select idref="V-224613" selected="true" /><select idref="V-224614" selected="true" /></Profile><Profile id="MAC-2_Sensitive"><title>II - Mission Support Sensitive</title><description>&lt;ProfileDescription&gt;&lt;/ProfileDescription&gt;</description><select idref="V-224607" selected="true" /><select idref="V-224608" selected="true" /><select idref="V-224609" selected="true" /><select idref="V-224610" selected="true" /><select idref="V-224611" selected="true" /><select idref="V-224612" selected="true" /><select idref="V-224613" selected="true" /><select idref="V-224614" selected="true" /></Profile><Profile id="MAC-3_Classified"><title>III - Administrative Classified</title><description>&lt;ProfileDescription&gt;&lt;/ProfileDescription&gt;</description><select idref="V-224607" selected="true" /><select idref="V-224608" selected="true" /><select idref="V-224609" selected="true" /><select idref="V-224610" selected="true" /><select idref="V-224611" selected="true" /><select idref="V-224612" selected="true" /><select idref="V-224613" selected="true" /><select idref="V-224614" selected="true" /></Profile><Profile id="MAC-3_Public"><title>III - Administrative Public</title><description>&lt;ProfileDescription&gt;&lt;/ProfileDescription&gt;</description><select idref="V-224607" selected="true" /><select idref="V-224608" selected="true" /><select idref="V-224609" selected="true" /><select idref="V-224610" selected="true" /><select idref="V-224611" selected="true" /><select idref="V-224612" selected="true" /><select idref="V-224613" selected="true" /><select idref="V-224614" selected="true" /></Profile><Profile id="MAC-3_Sensitive"><title>III - Administrative Sensitive</title><description>&lt;ProfileDescription&gt;&lt;/ProfileDescription&gt;</description><select idref="V-224607" selected="true" /><select idref="V-224608" selected="true" /><select idref="V-224609" selected="true" /><select idref="V-224610" selected="true" /><select idref="V-224611" selected="true" /><select idref="V-224612" selected="true" /><select idref="V-224613" selected="true" /><select idref="V-224614" selected="true" /></Profile><Group id="V-224607"><title>SRG-OS-000080</title><description>&lt;GroupDescription&gt;&lt;/GroupDescription&gt;</description><Rule id="SV-224607r855099_rule" weight="10.0" severity="medium"><version>ZMVZT000</version><title>BMC MAINVIEW for z/OS installation data sets are not properly protected.</title><description>&lt;VulnDiscussion&gt;BMC MAINVIEW for z/OS installation data sets have the ability to use privileged functions and/or have access to sensitive data. Failure to properly restrict access to these data sets could result in violating the integrity of the base product which could result in compromising the operating system or sensitive data.&lt;/VulnDiscussion&gt;&lt;FalsePositives&gt;&lt;/FalsePositives&gt;&lt;FalseNegatives&gt;&lt;/FalseNegatives&gt;&lt;Documentable&gt;false&lt;/Documentable&gt;&lt;Mitigations&gt;&lt;/Mitigations&gt;&lt;SeverityOverrideGuidance&gt;&lt;/SeverityOverrideGuidance&gt;&lt;PotentialImpacts&gt;&lt;/PotentialImpacts&gt;&lt;ThirdPartyTools&gt;&lt;/ThirdPartyTools&gt;&lt;MitigationControl&gt;&lt;/MitigationControl&gt;&lt;Responsibility&gt;&lt;/Responsibility&gt;&lt;IAControls&gt;&lt;/IAControls&gt;</description><reference><dc:title>DPMS Target zOS BMC MAINVIEW for zOS for TSS</dc:title><dc:publisher>DISA</dc:publisher><dc:type>DPMS Target</dc:type><dc:subject>zOS BMC MAINVIEW for zOS for TSS</dc:subject><dc:identifier>4173</dc:identifier></reference><ident system="http://cyber.mil/legacy">V-16932</ident><ident system="http://cyber.mil/legacy">SV-33837</ident><ident system="http://cyber.mil/cci">CCI-000213</ident><ident system="http://cyber.mil/cci">CCI-002234</ident><fixtext fixref="F-26278r518999_fix">The IAO will ensure that update and allocate access to BMC MAINVIEW for z/OS installation data sets is limited to System Programmers only, and all update and allocate access is logged.  Read access can be given to all authorized users.

The installing Systems Programmer will identify and document the product data sets and categorize them according to who will have update and alter access and if required that all update and allocate access is logged. He will identify if any additional groups have update and/or alter access for specific data sets, and once documented he will work with the IAO to see that they are properly restricted to the ACP (Access Control Program) active on the system.

Data sets to be protected will be: 
SYS2.BMCVIEW.
SYS3.BMCVIEW. (data sets that are not altered by product STCs, can be more specific)

The following commands are provided as a sample for implementing data set controls:

TSS PERMIT(&lt;syspaudt&gt;) DSN(SYS2.BMCVIEW.) ACCESS(R)
TSS PERMIT(&lt;syspaudt&gt;) DSN(SYS2.BMCVIEW.) ACCESS(ALL) ACTION(AUDIT)
TSS PERMIT(&lt;tstcaudt&gt;) DSN(SYS2.BMCVIEW.) ACCESS(R)
TSS PERMIT(&lt;tstcaudt&gt;) DSN(SYS2.BMCVIEW.) ACCESS(ALL) ACTION(AUDIT)
TSS PERMIT(&lt;audtaudt&gt;) DSN(SYS2.BMCVIEW.) ACCESS(R)
TSS PERMIT(authorized users) DSN(SYS2.BMCVIEW.) ACCESS(R)
TSS PERMIT(MAINVIEW STCs) DSN(SYS2.BMCVIEW.) ACCESS(R)
TSS PERMIT(&lt;syspaudt&gt;) DSN(SYS3.BMCVIEW.) ACCESS(R)
TSS PERMIT(&lt;syspaudt&gt;) DSN(SYS3.BMCVIEW.) ACCESS(ALL) ACTION(AUDIT)
TSS PERMIT(&lt;tstcaudt&gt;) DSN(SYS3.BMCVIEW.) ACCESS(R)
TSS PERMIT(&lt;tstcaudt&gt;) DSN(SYS3.BMCVIEW.) ACCESS(ALL) ACTION(AUDIT)
TSS PERMIT(&lt;audtaudt&gt;) DSN(SYS3.BMCVIEW.) ACCESS(R)
TSS PERMIT(authorized users) DSN(SYS3.BMCVIEW.) ACCESS(R)
TSS PERMIT(MAINVIEW STCs) DSN(SYS3.BMCVIEW.) ACCESS(R)</fixtext><fix id="F-26278r518999_fix" /><check system="C-26290r518998_chk"><check-content-ref href="zOS_BMC_MAINVIEW_for_zOS_for_TSS_STIG.xml" name="M" /><check-content>Refer to the following report produced by the Data Set and Resource Data Collection:

-	SENSITVE.RPT(MVZRPT)

Automated Analysis
Refer to the following report produced by the Data Set and Resource Data Collection:

-	PDI(ZMVZ0000)

Verify that the accesses to the BMC MAINVIEW for z/OS installation data sets are properly restricted.
 
___	The TSS data set rules for the data sets restricts READ access to all authorized users.

___	The TSS data set rules for the data sets restricts UPDATE and/or ALL access to systems programming personnel.

___	The TSS data set rules for the data sets specify that all (i.e., failures and successes) UPDATE and/or ALL access are logged.</check-content></check></Rule></Group><Group id="V-224608"><title>SRG-OS-000259</title><description>&lt;GroupDescription&gt;&lt;/GroupDescription&gt;</description><Rule id="SV-224608r868735_rule" weight="10.0" severity="medium"><version>ZMVZT001</version><title>BMC MAINVIEW for z/OS STC data sets are not properly protected.</title><description>&lt;VulnDiscussion&gt;BMC MAINVIEW for z/OS STC data sets have the ability to use privileged functions and/or have access to sensitive data. Failure to properly restrict access to these data sets could result in violating the integrity of the base product which could result in compromising the operating system or sensitive data.&lt;/VulnDiscussion&gt;&lt;FalsePositives&gt;&lt;/FalsePositives&gt;&lt;FalseNegatives&gt;&lt;/FalseNegatives&gt;&lt;Documentable&gt;false&lt;/Documentable&gt;&lt;Mitigations&gt;&lt;/Mitigations&gt;&lt;SeverityOverrideGuidance&gt;&lt;/SeverityOverrideGuidance&gt;&lt;PotentialImpacts&gt;&lt;/PotentialImpacts&gt;&lt;ThirdPartyTools&gt;&lt;/ThirdPartyTools&gt;&lt;MitigationControl&gt;&lt;/MitigationControl&gt;&lt;Responsibility&gt;&lt;/Responsibility&gt;&lt;IAControls&gt;&lt;/IAControls&gt;</description><reference><dc:title>DPMS Target zOS BMC MAINVIEW for zOS for TSS</dc:title><dc:publisher>DISA</dc:publisher><dc:type>DPMS Target</dc:type><dc:subject>zOS BMC MAINVIEW for zOS for TSS</dc:subject><dc:identifier>4173</dc:identifier></reference><ident system="http://cyber.mil/legacy">SV-37724</ident><ident system="http://cyber.mil/legacy">V-17067</ident><ident system="http://cyber.mil/cci">CCI-001499</ident><fixtext fixref="F-26279r868734_fix">The ISSO will ensure that update and allocate access to BMC MAINVIEW for z/OS STC data sets is limited to systems programmers and/or BMC MAINVIEW for z/OS's STC(s) and/or batch user(s) only. Read access can be given to auditors and authorized users.

The installing systems programmer will identify and document the product data sets and categorize them according to who will have update and alter access and if required that all update and allocate access is logged. The installing systems programmer will identify if any additional groups have update and/or alter access for specific data sets, and once documented will work with the ISSO to ensure they are properly restricted to the ACP (Access Control Program) active on the system.

Data sets to be protected will be: 
SYS3.BMCVIEW (data sets that are altered by the product's STCs, this can be more specific)

The following commands are provided as a sample for implementing data set controls:

TSS PERMIT(&lt;syspaudt&gt;) DSN(SYS3.BMCVIEW) ACCESS(ALL)
TSS PERMIT(&lt;tstcaudt&gt;) DSN(SYS3.BMCVIEW) ACCESS(ALL)
TSS PERMIT(MAINVIEW STCs) DSN(SYS3.BMCVIEW) ACCESS(ALL)
TSS PERMIT(&lt;audtaudt&gt;) DSN(SYS3.BMCVIEW) ACCESS(R)
TSS PERMIT(authorize user) DSN(SYS3.BMCVIEW) ACCESS(R)</fixtext><fix id="F-26279r868734_fix" /><check system="C-26291r868733_chk"><check-content-ref href="zOS_BMC_MAINVIEW_for_zOS_for_TSS_STIG.xml" name="M" /><check-content>Refer to the following report produced by the Data Set and Resource Data Collection:

- SENSITVE.RPT(MVZSTC)

Automated Analysis
Refer to the following report produced by the Data Set and Resource Data Collection:

- PDI(ZMVZ0001)

Verify that the accesses to the BMC MAINVIEW for z/OS STC data sets are properly restricted.
 
___ The TSS data set rules for the data sets restricts READ access to auditors and authorized users.

___ The TSS data set rules for the data sets restricts UPDATE and/or ALL access to systems programming personnel.

___ The TSS data set rules for the data sets restricts UPDATE and/or ALL access to the BMC MAINVIEW for z/OS's STC(s) and/or batch user(s).</check-content></check></Rule></Group><Group id="V-224609"><title>SRG-OS-000018</title><description>&lt;GroupDescription&gt;&lt;/GroupDescription&gt;</description><Rule id="SV-224609r868738_rule" weight="10.0" severity="medium"><version>ZMVZT020</version><title>BMC MAINVIEW resources must be properly defined and protected.</title><description>&lt;VulnDiscussion&gt;BMC MAINVIEW can run with sensitive system privileges, and potentially can circumvent system controls. Failure to properly control access to product resources could result in the compromise of the operating system environment, and compromise the confidentiality of customer data. Many utilities assign resource controls that can be granted to systems programmers only in greater than read authority. Resources are also granted to certain non systems personnel with read only authority.&lt;/VulnDiscussion&gt;&lt;FalsePositives&gt;&lt;/FalsePositives&gt;&lt;FalseNegatives&gt;&lt;/FalseNegatives&gt;&lt;Documentable&gt;false&lt;/Documentable&gt;&lt;Mitigations&gt;&lt;/Mitigations&gt;&lt;SeverityOverrideGuidance&gt;&lt;/SeverityOverrideGuidance&gt;&lt;PotentialImpacts&gt;&lt;/PotentialImpacts&gt;&lt;ThirdPartyTools&gt;&lt;/ThirdPartyTools&gt;&lt;MitigationControl&gt;&lt;/MitigationControl&gt;&lt;Responsibility&gt;&lt;/Responsibility&gt;&lt;IAControls&gt;&lt;/IAControls&gt;</description><reference><dc:title>DPMS Target zOS BMC MAINVIEW for zOS for TSS</dc:title><dc:publisher>DISA</dc:publisher><dc:type>DPMS Target</dc:type><dc:subject>zOS BMC MAINVIEW for zOS for TSS</dc:subject><dc:identifier>4173</dc:identifier></reference><ident system="http://cyber.mil/legacy">SV-46313</ident><ident system="http://cyber.mil/legacy">V-17947</ident><ident system="http://cyber.mil/cci">CCI-000035</ident><ident system="http://cyber.mil/cci">CCI-002234</ident><fixtext fixref="F-26280r868737_fix">The ISSO will work with the systems programmer to verify that the following are properly specified in the ACP.

(Note: The resource class, resources, and/or resource prefixes identified below are examples of a possible installation. The resource class, actual resources, and/or prefixes are determined when the product is actually installed on a system through the product's installation guide and can be site specific.)

Use BMC MAINVIEW Resources table in the zOS STIG Addendum. This table lists the resources, access requirements, and logging requirement for BMC MAINVIEW. Ensure the guidelines for the resources and/or generic equivalent specified in the z/OS STIG Addendum are followed.

The TSS resources as designated in the above table are owned and/or DEFPROT is specified for the resource class.

The TSS resource access authorizations restrict access to the appropriate personnel as designated in the above table.

The following commands are provided as a sample for implementing resource controls:

TSS ADD(dept-acid) #BMCVIEW(BBM)
TSS PERMIT(autoaudt) #BMCVIEW(BBM.ssid.CN) ACCESS(ALL)
TSS PERMIT(dasdaudt) #BMCVIEW(BBM.ssid.CN) ACCESS(ALL)
TSS PERMIT(mqsaaudt) #BMCVIEW(BBM.ssid.CN) ACCESS(ALL)
TSS PERMIT(Mainview STCs) #BMCVIEW(BBM.ssid.CN) ACCESS(ALL)
TSS PERMIT(mvzread) #BMCVIEW(BBM.ssid.CN) ACCESS(ALL)
TSS PERMIT(mvzupdt) #BMCVIEW(BBM.ssid.CN) ACCESS(ALL)
TSS PERMIT(pcspaudt) #BMCVIEW(BBM.ssid.CN) ACCESS(ALL)
TSS PERMIT(syspaudt) #BMCVIEW(BBM.ssid.CN) ACCESS(ALL)</fixtext><fix id="F-26280r868737_fix" /><check system="C-26292r868736_chk"><check-content-ref href="zOS_BMC_MAINVIEW_for_zOS_for_TSS_STIG.xml" name="M" /><check-content>Refer to the following report produced by the TSS Data Collection and Data Set and Resource Data Collection:

- SENSITVE.RPT(ZMVZ0020)
- TSSCMDS.RPT(#RDT)

Automated Analysis
Refer to the following report produced by the Data Set and Resource Data Collection:

- PDI(ZMVZ0020)

Verify that the accesses to resources and/or generic equivalent are properly restricted according to the requirements specified in BMC MAINVIEW Resources table in the z/OS STIG Addendum. If the following guidance is true, this is not a finding.

___ The TSS resources are owned or DEFPROT is specified for the resource class.
 
___ The TSS resource access authorizations restrict access to the appropriate personnel.</check-content></check></Rule></Group><Group id="V-224610"><title>SRG-OS-000104</title><description>&lt;GroupDescription&gt;&lt;/GroupDescription&gt;</description><Rule id="SV-224610r519009_rule" weight="10.0" severity="medium"><version>ZMVZT030</version><title>BMC Mainview for z/OS Started Task name is not properly identified and/or defined to the system ACP.</title><description>&lt;VulnDiscussion&gt;BMC Mainview for z/OS requires a started task that will be restricted to certain resources, datasets and other system functions. By defining the started task as a userid to the system ACP, It allows the ACP to control the access and authorized users that require these capabilities. Failure to properly control these capabilities, could compromise of the operating system environment, ACP, and customer data.&lt;/VulnDiscussion&gt;&lt;FalsePositives&gt;&lt;/FalsePositives&gt;&lt;FalseNegatives&gt;&lt;/FalseNegatives&gt;&lt;Documentable&gt;false&lt;/Documentable&gt;&lt;Mitigations&gt;&lt;/Mitigations&gt;&lt;SeverityOverrideGuidance&gt;&lt;/SeverityOverrideGuidance&gt;&lt;PotentialImpacts&gt;&lt;/PotentialImpacts&gt;&lt;ThirdPartyTools&gt;&lt;/ThirdPartyTools&gt;&lt;MitigationControl&gt;&lt;/MitigationControl&gt;&lt;Responsibility&gt;&lt;/Responsibility&gt;&lt;IAControls&gt;&lt;/IAControls&gt;</description><reference><dc:title>DPMS Target zOS BMC MAINVIEW for zOS for TSS</dc:title><dc:publisher>DISA</dc:publisher><dc:type>DPMS Target</dc:type><dc:subject>zOS BMC MAINVIEW for zOS for TSS</dc:subject><dc:identifier>4173</dc:identifier></reference><ident system="http://cyber.mil/legacy">SV-33840</ident><ident system="http://cyber.mil/legacy">V-17452</ident><ident system="http://cyber.mil/cci">CCI-000764</ident><fixtext fixref="F-26281r519008_fix">The BMC Mainview for z/OS system programmer and the IAO will ensure that a product's Started Task(s) is properly identified and/or defined to the System ACP. 

If the product requires a Started Task, verify that it is properly defined to the System ACP with the proper attributes.

Most installation manuals will indicate how the Started Task is identified and any additional attributes that must be specified.

A sample is provided here:

TSS CREATE(MV$CAS) TYPE(USER) -
	NAME('CAS, BMC Mainview for z/OS') DEPT(xxxx) - 
 	FAC(STC,BBI3) -
	MASTFAC(BBI3) PASS(xxxxxxxx,0) -
	SOURCE(INTRDR) NOSUSPEND
TSS CREATE(MV$PAS) TYPE(USER) -
	NAME('PAS, BMC Mainview for z/OS') DEPT(xxxx) - 
 	FAC(STC,BBI3) -
	MASTFAC(BBI3) PASS(xxxxxxxx,0) -
	SOURCE(INTRDR) NOSUSPEND
TSS CREATE(MV$MVS) TYPE(USER) -
	NAME('MVS, BMC Mainview for z/OS') DEPT(xxxx) - 
 	FAC(STC,BBI3) -
	PASS(xxxxxxxx,0) -
	SOURCE(INTRDR) NOSUSPEND</fixtext><fix id="F-26281r519008_fix" /><check system="C-26293r519007_chk"><check-content-ref href="zOS_BMC_MAINVIEW_for_zOS_for_TSS_STIG.xml" name="M" /><check-content>Refer to the following report produced by the TSS Data Collection:

-	TSSCMDS.RPT(@ACIDS)

Review each BMC Mainview for z/OS STC/Batch ACID(s) for the following:

___	Defined with Facility of STC, BBI3 (the TSS FACILITY Matrix Table entry defined for this product), and/or BATCH for MV$CAS, MV$PAS, and MV$MVS.

___	Defined with Master Facility of BBI3 (the TSS FACILITY Matrix Table entry defined for this product) for MV$CAS and MV$PAS.

___	Is sourced to the INTRDR.</check-content></check></Rule></Group><Group id="V-224611"><title>SRG-OS-000104</title><description>&lt;GroupDescription&gt;&lt;/GroupDescription&gt;</description><Rule id="SV-224611r519012_rule" weight="10.0" severity="medium"><version>ZMVZT032</version><title>BMC Mainview for z/OS Started task(s) must be properly defined to the Started Task Table ACID for Top Secret.</title><description>&lt;VulnDiscussion&gt;Access to product resources should be restricted to only those individuals responsible for the application connectivity and who have a requirement to access these resources.  Improper control of product resources could potentially compromise the operating system, ACP, and customer data.&lt;/VulnDiscussion&gt;&lt;FalsePositives&gt;&lt;/FalsePositives&gt;&lt;FalseNegatives&gt;&lt;/FalseNegatives&gt;&lt;Documentable&gt;false&lt;/Documentable&gt;&lt;Mitigations&gt;&lt;/Mitigations&gt;&lt;SeverityOverrideGuidance&gt;&lt;/SeverityOverrideGuidance&gt;&lt;PotentialImpacts&gt;&lt;/PotentialImpacts&gt;&lt;ThirdPartyTools&gt;&lt;/ThirdPartyTools&gt;&lt;MitigationControl&gt;&lt;/MitigationControl&gt;&lt;Responsibility&gt;&lt;/Responsibility&gt;&lt;IAControls&gt;&lt;/IAControls&gt;</description><reference><dc:title>DPMS Target zOS BMC MAINVIEW for zOS for TSS</dc:title><dc:publisher>DISA</dc:publisher><dc:type>DPMS Target</dc:type><dc:subject>zOS BMC MAINVIEW for zOS for TSS</dc:subject><dc:identifier>4173</dc:identifier></reference><ident system="http://cyber.mil/legacy">V-17454</ident><ident system="http://cyber.mil/legacy">SV-33842</ident><ident system="http://cyber.mil/cci">CCI-000764</ident><fixtext fixref="F-26282r519011_fix">The BMC Mainview for z/OS system programmer and the IAO will ensure that a product's started task(s) is (are) properly identified and/or defined to the System ACP. 

A unique ACID must be assigned for the BMC Mainview for z/OS started task(s) thru a corresponding STC table entry.

The following sample set of commands is shown here as a guideline:

TSS ADD(STC) PROCNAME(MV$CAS) ACID(MV$CAS)
TSS ADD(STC) PROCNAME(MV$MVS) ACID(MV$MVS)</fixtext><fix id="F-26282r519011_fix" /><check system="C-26294r519010_chk"><check-content-ref href="zOS_BMC_MAINVIEW_for_zOS_for_TSS_STIG.xml" name="M" /><check-content>Refer to the following report produced by the TSS Data Collection:

-	TSSCMDS.RPT(#STC)

Automated Analysis
Refer to the following report produced by the TSS Data Collection:

-	PDI(ZMVZ0032)

Verify that the BMC Mainview for z/OS started task(s) is (are) defined in the TSS STC record.</check-content></check></Rule></Group><Group id="V-224612"><title>SRG-OS-000104</title><description>&lt;GroupDescription&gt;&lt;/GroupDescription&gt;</description><Rule id="SV-224612r519015_rule" weight="10.0" severity="medium"><version>ZMVZT036</version><title>BMC Mainview for z/OS is not properly defined to the Facility Matrix Table for Top Secret.</title><description>&lt;VulnDiscussion&gt;Improperly defined security controls for BMC Mainview for z/OS could result in the compromise of the network, operating system, and customer data.&lt;/VulnDiscussion&gt;&lt;FalsePositives&gt;&lt;/FalsePositives&gt;&lt;FalseNegatives&gt;&lt;/FalseNegatives&gt;&lt;Documentable&gt;false&lt;/Documentable&gt;&lt;Mitigations&gt;&lt;/Mitigations&gt;&lt;SeverityOverrideGuidance&gt;&lt;/SeverityOverrideGuidance&gt;&lt;PotentialImpacts&gt;&lt;/PotentialImpacts&gt;&lt;ThirdPartyTools&gt;&lt;/ThirdPartyTools&gt;&lt;MitigationControl&gt;&lt;/MitigationControl&gt;&lt;Responsibility&gt;&lt;/Responsibility&gt;&lt;IAControls&gt;&lt;/IAControls&gt;</description><reference><dc:title>DPMS Target zOS BMC MAINVIEW for zOS for TSS</dc:title><dc:publisher>DISA</dc:publisher><dc:type>DPMS Target</dc:type><dc:subject>zOS BMC MAINVIEW for zOS for TSS</dc:subject><dc:identifier>4173</dc:identifier></reference><ident system="http://cyber.mil/legacy">V-17469</ident><ident system="http://cyber.mil/legacy">SV-33843</ident><ident system="http://cyber.mil/cci">CCI-000764</ident><fixtext fixref="F-26283r519014_fix">The BMC Mainview for z/OS system programmer and the IAO will ensure that the TOP SECRET Facility Matrix Table is proper defined using the following example:

**** BBI3
* 
FACILITY(USERxx=NAME=BBI3,PGM=BBM,ID=nn,ACTIVE,SHRPRF)
FACILITY(BBI3=ASUBM,NOABEND,MULTIUSER,NOXDEF)
FACILITY(BBI3=LUMSG,STMSG,SIGN(S),NORNDPW)
FACILITY(BBI3=NOAUDIT,RES,WARNPW,NOTSOC)
FACILITY(BBI3=MODE=FAIL,LOG(SMF,INIT,MSG,SEC9))
FACILITY(BBI3=UIDACID=8,LOCKTIME=000)</fixtext><fix id="F-26283r519014_fix" /><check system="C-26295r519013_chk"><check-content-ref href="zOS_BMC_MAINVIEW_for_zOS_for_TSS_STIG.xml" name="M" /><check-content>Refer to the following report produced by the TSS Data Collection:

-       TSSCMDS.RPT(FACLIST) - Preferred report containing all control option values in effect including default values
-       TSSCMDS.RPT(TSSPRMFL) - Alternate report containing only control option values explicitly coded at TSS startup

Ensure the BMC Mainview for z/OS Facility Matrix table is defined as follows:

BBI3:
FAC(USERxx=NAME=BBI3,PGM=BBM,ID=nn,ACTIVE,SHRPRF,ASUBM)
FAC(BBI3=NOABEND,MULTIUSER,NOXDEF,SIGN(S),RES,LUMSG)
FAC(BBI3=STMSG,WARNPW,NORNDPW,NOAUDIT,NOTSOC,MODE=FAIL)
FAC(BBI3=LOG(SMF,INIT,MSG,SEC9),UIDACID=8,LOCKTIME=000)
</check-content></check></Rule></Group><Group id="V-224613"><title>SRG-OS-000309</title><description>&lt;GroupDescription&gt;&lt;/GroupDescription&gt;</description><Rule id="SV-224613r868741_rule" weight="10.0" severity="medium"><version>ZMVZT038</version><title>BMC Mainview for z/OS Resource Class must be defined or active in the ACP.</title><description>&lt;VulnDiscussion&gt;Failure to use a robust ACP to control a product could potentially compromise the integrity and availability of the MVS operating system and user data.&lt;/VulnDiscussion&gt;&lt;FalsePositives&gt;&lt;/FalsePositives&gt;&lt;FalseNegatives&gt;&lt;/FalseNegatives&gt;&lt;Documentable&gt;false&lt;/Documentable&gt;&lt;Mitigations&gt;&lt;/Mitigations&gt;&lt;SeverityOverrideGuidance&gt;&lt;/SeverityOverrideGuidance&gt;&lt;PotentialImpacts&gt;&lt;/PotentialImpacts&gt;&lt;ThirdPartyTools&gt;&lt;/ThirdPartyTools&gt;&lt;MitigationControl&gt;&lt;/MitigationControl&gt;&lt;Responsibility&gt;&lt;/Responsibility&gt;&lt;IAControls&gt;&lt;/IAControls&gt;</description><reference><dc:title>DPMS Target zOS BMC MAINVIEW for zOS for TSS</dc:title><dc:publisher>DISA</dc:publisher><dc:type>DPMS Target</dc:type><dc:subject>zOS BMC MAINVIEW for zOS for TSS</dc:subject><dc:identifier>4173</dc:identifier></reference><ident system="http://cyber.mil/legacy">SV-33846</ident><ident system="http://cyber.mil/legacy">V-18011</ident><ident system="http://cyber.mil/cci">CCI-000336</ident><ident system="http://cyber.mil/cci">CCI-002358</ident><fixtext fixref="F-26284r868740_fix">The ISSO will ensure the BMC Mainview for z/OS resource class(es) is (are) defined in the TSS RDT.
 
(Note: The RESCLASS and/or RESCODE identified below are examples of a possible installation. The actual RESCLASS and/or RESCODE values are determined when the product is actually installed on a system through the product's installation guide and can be site specific.)

Use the following commands as an example:

TSS ADDTO(RDT) RESCLASS(BMCVIEW) -
RESCODE(3B) DEFACC(READ) -
ATTR(MASK|NOMASK,DEFPROT,LONG,GENERIC) -
ACLST(NONE,READ,UPDATE,ALL)</fixtext><fix id="F-26284r868740_fix" /><check system="C-26296r868739_chk"><check-content-ref href="zOS_BMC_MAINVIEW_for_zOS_for_TSS_STIG.xml" name="M" /><check-content>Refer to the following report produced by the ACP Data Collection:

- TSSCMDS.RPT(#RDT)

If the BMC Mainview for z/OS Resource Class(es) is (are) defined in the Resource Definition Table (RDT) as follows, this is not a finding.

  RESOURCE CLASS = class
   RESOURCE CODE = X'hex code'
       ATTRIBUTE = MASK|NOMASK,MAXOWN(08),MAXPERMIT(044),ACCESS,DEFPROT
          ACCESS = NONE(0000),CONTROL(0400),UPDATE(6000),READ(4000)
          ACCESS = WRITE(2000),ALL(FFFF)
          DEFACC = READ</check-content></check></Rule></Group><Group id="V-224614"><title>SRG-OS-000018</title><description>&lt;GroupDescription&gt;&lt;/GroupDescription&gt;</description><Rule id="SV-224614r519021_rule" weight="10.0" severity="medium"><version>ZMVZT040</version><title>BMC MAINVIEW for z/OS configuration/parameter values are not specified properly.</title><description>&lt;VulnDiscussion&gt;BMC MAINVIEW for z/OS configuration/parameters controls the security and operational characteristics of products.  If these parameter values are improperly specified, security and operational controls may be weakened.  This exposure may threaten the availability of the product applications, and compromise the confidentiality of customer data.&lt;/VulnDiscussion&gt;&lt;FalsePositives&gt;&lt;/FalsePositives&gt;&lt;FalseNegatives&gt;&lt;/FalseNegatives&gt;&lt;Documentable&gt;false&lt;/Documentable&gt;&lt;Mitigations&gt;&lt;/Mitigations&gt;&lt;SeverityOverrideGuidance&gt;&lt;/SeverityOverrideGuidance&gt;&lt;PotentialImpacts&gt;&lt;/PotentialImpacts&gt;&lt;ThirdPartyTools&gt;&lt;/ThirdPartyTools&gt;&lt;MitigationControl&gt;&lt;/MitigationControl&gt;&lt;Responsibility&gt;&lt;/Responsibility&gt;&lt;IAControls&gt;&lt;/IAControls&gt;</description><reference><dc:title>DPMS Target zOS BMC MAINVIEW for zOS for TSS</dc:title><dc:publisher>DISA</dc:publisher><dc:type>DPMS Target</dc:type><dc:subject>zOS BMC MAINVIEW for zOS for TSS</dc:subject><dc:identifier>4173</dc:identifier></reference><ident system="http://cyber.mil/legacy">SV-37808</ident><ident system="http://cyber.mil/legacy">V-18014</ident><ident system="http://cyber.mil/cci">CCI-000035</ident><fixtext fixref="F-26285r519020_fix">The BMC MAINVIEW for z/OS Systems programmer will verify that any configuration/parameters that are required to control the security of the product are properly configured and syntactically correct.  Set the standard values for the BMC MAINVIEW for z/OS security parameters for the specific ACP environment along with additional IOA security parameters with standard values as documented below.

Statement(values)
ESMTYPE(AUTO|TSS)</fixtext><fix id="F-26285r519020_fix" /><check system="C-26297r519019_chk"><check-content-ref href="zOS_BMC_MAINVIEW_for_zOS_for_TSS_STIG.xml" name="M" /><check-content>Refer to the Configuration Location dataset and member specified in the z/OS Dialog Management Procedures for BMC MAINVIEW for z/OS. 

Automated Analysis
Refer to the following report produced by the z/OS Data Collection:

-	PDI(ZMVZ0040)

The following keywords will have the specified values in the BMC MAINVIEW for z/OS security parameter member:

Statement(values)
ESMTYPE(AUTO|TSS)</check-content></check></Rule></Group></Benchmark>