<?xml version="1.0" encoding="utf-8"?><?xml-stylesheet type='text/xsl' href='STIG_unclass.xsl'?><Benchmark xmlns:dc="http://purl.org/dc/elements/1.1/" xmlns:xsi="http://www.w3.org/2001/XMLSchema-instance" xmlns:cpe="http://cpe.mitre.org/language/2.0" xmlns:xhtml="http://www.w3.org/1999/xhtml" xmlns:dsig="http://www.w3.org/2000/09/xmldsig#" xsi:schemaLocation="http://checklists.nist.gov/xccdf/1.1 http://nvd.nist.gov/schema/xccdf-1.1.4.xsd http://cpe.mitre.org/dictionary/2.0 http://cpe.mitre.org/files/cpe-dictionary_2.1.xsd" id="zOS_CA_Common_Services_for_TSS_STIG" xml:lang="en" xmlns="http://checklists.nist.gov/xccdf/1.1"><status date="2024-12-16">accepted</status><title>z/OS CA Common Services for TSS Security Technical Implementation Guide</title><description>This Security Technical Implementation Guide is published as a tool to improve the security of Department of Defense (DOD) information systems. The requirements are derived from the National Institute of Standards and Technology (NIST) 800-53 and related documents. Comments or proposed revisions to this document should be sent via email to the following address: disa.stig_spt@mail.mil.</description><notice id="terms-of-use" xml:lang="en"></notice><front-matter xml:lang="en"></front-matter><rear-matter xml:lang="en"></rear-matter><reference href="https://cyber.mil"><dc:publisher>DISA</dc:publisher><dc:source>STIG.DOD.MIL</dc:source></reference><plain-text id="release-info">Release: 1 Benchmark Date: 30 Jan 2025</plain-text><plain-text id="generator">3.5</plain-text><plain-text id="conventionsVersion">1.10.0</plain-text><version>7</version><Profile id="MAC-1_Classified"><title>I - Mission Critical Classified</title><description>&lt;ProfileDescription&gt;&lt;/ProfileDescription&gt;</description><select idref="V-224621" selected="true" /><select idref="V-224622" selected="true" /><select idref="V-224623" selected="true" /></Profile><Profile id="MAC-1_Public"><title>I - Mission Critical Public</title><description>&lt;ProfileDescription&gt;&lt;/ProfileDescription&gt;</description><select idref="V-224621" selected="true" /><select idref="V-224622" selected="true" /><select idref="V-224623" selected="true" /></Profile><Profile id="MAC-1_Sensitive"><title>I - Mission Critical Sensitive</title><description>&lt;ProfileDescription&gt;&lt;/ProfileDescription&gt;</description><select idref="V-224621" selected="true" /><select idref="V-224622" selected="true" /><select idref="V-224623" selected="true" /></Profile><Profile id="MAC-2_Classified"><title>II - Mission Support Classified</title><description>&lt;ProfileDescription&gt;&lt;/ProfileDescription&gt;</description><select idref="V-224621" selected="true" /><select idref="V-224622" selected="true" /><select idref="V-224623" selected="true" /></Profile><Profile id="MAC-2_Public"><title>II - Mission Support Public</title><description>&lt;ProfileDescription&gt;&lt;/ProfileDescription&gt;</description><select idref="V-224621" selected="true" /><select idref="V-224622" selected="true" /><select idref="V-224623" selected="true" /></Profile><Profile id="MAC-2_Sensitive"><title>II - Mission Support Sensitive</title><description>&lt;ProfileDescription&gt;&lt;/ProfileDescription&gt;</description><select idref="V-224621" selected="true" /><select idref="V-224622" selected="true" /><select idref="V-224623" selected="true" /></Profile><Profile id="MAC-3_Classified"><title>III - Administrative Classified</title><description>&lt;ProfileDescription&gt;&lt;/ProfileDescription&gt;</description><select idref="V-224621" selected="true" /><select idref="V-224622" selected="true" /><select idref="V-224623" selected="true" /></Profile><Profile id="MAC-3_Public"><title>III - Administrative Public</title><description>&lt;ProfileDescription&gt;&lt;/ProfileDescription&gt;</description><select idref="V-224621" selected="true" /><select idref="V-224622" selected="true" /><select idref="V-224623" selected="true" /></Profile><Profile id="MAC-3_Sensitive"><title>III - Administrative Sensitive</title><description>&lt;ProfileDescription&gt;&lt;/ProfileDescription&gt;</description><select idref="V-224621" selected="true" /><select idref="V-224622" selected="true" /><select idref="V-224623" selected="true" /></Profile><Group id="V-224621"><title>SRG-OS-000080</title><description>&lt;GroupDescription&gt;&lt;/GroupDescription&gt;</description><Rule id="SV-224621r1041395_rule" weight="10.0" severity="medium"><version>ZCCST000</version><title>CA Common Services installation data sets will be properly protected.</title><description>&lt;VulnDiscussion&gt;CA Common Services installation data sets have the ability to use privileged functions and/or have access to sensitive data. Failure to properly restrict access to these data sets could result in violating the integrity of the base product which could result in compromising the operating system or sensitive data.&lt;/VulnDiscussion&gt;&lt;FalsePositives&gt;&lt;/FalsePositives&gt;&lt;FalseNegatives&gt;&lt;/FalseNegatives&gt;&lt;Documentable&gt;false&lt;/Documentable&gt;&lt;Mitigations&gt;&lt;/Mitigations&gt;&lt;SeverityOverrideGuidance&gt;&lt;/SeverityOverrideGuidance&gt;&lt;PotentialImpacts&gt;&lt;/PotentialImpacts&gt;&lt;ThirdPartyTools&gt;&lt;/ThirdPartyTools&gt;&lt;MitigationControl&gt;&lt;/MitigationControl&gt;&lt;Responsibility&gt;&lt;/Responsibility&gt;&lt;IAControls&gt;&lt;/IAControls&gt;</description><reference><dc:title>DPMS Target zOS CA Common Services for TSS</dc:title><dc:publisher>DISA</dc:publisher><dc:type>DPMS Target</dc:type><dc:subject>zOS CA Common Services for TSS</dc:subject><dc:identifier>4175</dc:identifier></reference><ident system="http://cyber.mil/legacy">V-16932</ident><ident system="http://cyber.mil/legacy">SV-40835</ident><ident system="http://cyber.mil/cci">CCI-001499</ident><ident system="http://cyber.mil/cci">CCI-002234</ident><fixtext fixref="F-26292r1041394_fix">The ISSO will ensure that WRITE and/or greater access to CA Common Services installation data sets is limited to systems programmers only, and all WRITE and/or greater access is logged. READ access can be given to all authorized users.

The installing systems programmer will identify and document the product data sets and categorize them according to who will have WRITE and/or greater access and if required that all WRITE and/or greater access is logged. The installing systems programmer will identify if any additional groups have WRITE and/or greater access for specific data sets and once documented will work with the ISSO to see that they are properly restricted to the ACP (Access Control Program) active on the system.

Data sets to be protected may begin with:
SYS2.CCS.
SYS2A.CCS.
SYS3.CCS.

The following commands are provided as a sample for implementing data set controls:

TSS ADD(SYS2) DSN(SYS2)
TSS PERMIT(syspaudt) DSN(SYS2.CCS) ACCESS(ALL) ACTION(AUDIT)
TSS PERMIT(syspaudt) DSN(SYS2.CCS) ACCESS(READ)
TSS PERMIT(authorized users/ALL) DSN(SYS2.CCS) ACCESS(READ)</fixtext><fix id="F-26292r1041394_fix" /><check system="C-26304r1041393_chk"><check-content-ref href="zOS_CA_Common_Services_for_TSS_STIG.xml" name="M" /><check-content>Refer to the following report produced by the Data Set and Resource Data Collection:

- SENSITVE.RPT(CCSRPT)

Automated Analysis
Refer to the following report produced by the Data Set and Resource Data Collection:

- PDI(ZCCS0000)

Verify that the accesses to the CA Common Services installation data sets are properly restricted. If the following guidance is true, this is not a finding.

___ The TSS data set rules for the data sets restricts READ access to all authorized users.

___ The TSS data set rules for the data sets restricts WRITE and/or greater access to systems programming personnel.

___ The TSS data set rules for the data sets specify that all (i.e., failures and successes) WRITE and/or greater access is logged.</check-content></check></Rule></Group><Group id="V-224622"><title>SRG-OS-000104</title><description>&lt;GroupDescription&gt;&lt;/GroupDescription&gt;</description><Rule id="SV-224622r958482_rule" weight="10.0" severity="medium"><version>ZCCST030</version><title>CA Common Services Started Task name will be properly identified and/or defined to the system ACP.</title><description>&lt;VulnDiscussion&gt;CA Common Services requires a started task that will be restricted to certain resources, datasets and other system functions. By defining the started task as a userid to the system ACP, It allows the ACP to control the access and authorized users that require these capabilities. Failure to properly control these capabilities, could compromise of the operating system environment, ACP, and customer data.&lt;/VulnDiscussion&gt;&lt;FalsePositives&gt;&lt;/FalsePositives&gt;&lt;FalseNegatives&gt;&lt;/FalseNegatives&gt;&lt;Documentable&gt;false&lt;/Documentable&gt;&lt;Mitigations&gt;&lt;/Mitigations&gt;&lt;SeverityOverrideGuidance&gt;&lt;/SeverityOverrideGuidance&gt;&lt;PotentialImpacts&gt;&lt;/PotentialImpacts&gt;&lt;ThirdPartyTools&gt;&lt;/ThirdPartyTools&gt;&lt;MitigationControl&gt;&lt;/MitigationControl&gt;&lt;Responsibility&gt;&lt;/Responsibility&gt;&lt;IAControls&gt;&lt;/IAControls&gt;</description><reference><dc:title>DPMS Target zOS CA Common Services for TSS</dc:title><dc:publisher>DISA</dc:publisher><dc:type>DPMS Target</dc:type><dc:subject>zOS CA Common Services for TSS</dc:subject><dc:identifier>4175</dc:identifier></reference><ident system="http://cyber.mil/legacy">V-17452</ident><ident system="http://cyber.mil/legacy">SV-40858</ident><ident system="http://cyber.mil/cci">CCI-000764</ident><fixtext fixref="F-26293r519591_fix">The IAO working with the systems programmer will ensure the CA Common Services Started Task(s) is properly identified and/or defined to the System ACP. 

If the product requires a Started Task, verify that it is properly defined to the System ACP with the proper attributes.

Most installation manuals will indicate how a Started Task is identified and any additional attributes that must be specified.

The following commands are provided as a sample for defining Started Task(s):

TSS CREATE(CAS9) TYPE(USER) -
	NAME('STC, CAS9') DEPT(xxxx) -
	FAC(STC,BATCH) PASS(xxxxxxxx,0) -
	SOURCE(INTRDR)</fixtext><fix id="F-26293r519591_fix" /><check system="C-26305r519590_chk"><check-content-ref href="zOS_CA_Common_Services_for_TSS_STIG.xml" name="M" /><check-content>Refer to the following report produced by the TSS Data Collection:

-	TSSCMDS.RPT(@ACIDS)

Verify that the ACID(s) for the CA Common Services started task(s) is (are) properly defined.  If the following attributes are defined, this is not a finding.

FACILITY(STC, BATCH)
PASSWORD(xxxxxxxx,0)
SOURCE(INTRDR)</check-content></check></Rule></Group><Group id="V-224623"><title>SRG-OS-000104</title><description>&lt;GroupDescription&gt;&lt;/GroupDescription&gt;</description><Rule id="SV-224623r958482_rule" weight="10.0" severity="medium"><version>ZCCST032</version><title>CA Common Services Started task will be properly defined to the Started Task Table ACID for Top Secret.</title><description>&lt;VulnDiscussion&gt;Access to product resources should be restricted to only those individuals responsible for the application connectivity and who have a requirement to access these resources.  Improper control of product resources could potentially compromise the operating system, ACP, and customer data.&lt;/VulnDiscussion&gt;&lt;FalsePositives&gt;&lt;/FalsePositives&gt;&lt;FalseNegatives&gt;&lt;/FalseNegatives&gt;&lt;Documentable&gt;false&lt;/Documentable&gt;&lt;Mitigations&gt;&lt;/Mitigations&gt;&lt;SeverityOverrideGuidance&gt;&lt;/SeverityOverrideGuidance&gt;&lt;PotentialImpacts&gt;&lt;/PotentialImpacts&gt;&lt;ThirdPartyTools&gt;&lt;/ThirdPartyTools&gt;&lt;MitigationControl&gt;&lt;/MitigationControl&gt;&lt;Responsibility&gt;&lt;/Responsibility&gt;&lt;IAControls&gt;&lt;/IAControls&gt;</description><reference><dc:title>DPMS Target zOS CA Common Services for TSS</dc:title><dc:publisher>DISA</dc:publisher><dc:type>DPMS Target</dc:type><dc:subject>zOS CA Common Services for TSS</dc:subject><dc:identifier>4175</dc:identifier></reference><ident system="http://cyber.mil/legacy">V-17454</ident><ident system="http://cyber.mil/legacy">SV-40860</ident><ident system="http://cyber.mil/cci">CCI-000764</ident><fixtext fixref="F-26294r519594_fix">The IAO working with the systems programmer will ensure the CA Common Services Started Task(s) is properly identified and/or defined to the System ACP. 

A unique ACID must be assigned for the CA Common Services started task(s) thru a corresponding STC table entry.

The following commands are provided as a sample for defining Started Task(s):

TSS ADD(STC) PROCNAME(CAS9) ACID(CAS9)</fixtext><fix id="F-26294r519594_fix" /><check system="C-26306r519593_chk"><check-content-ref href="zOS_CA_Common_Services_for_TSS_STIG.xml" name="M" /><check-content>Refer to the following report produced by the TSS Data Collection:

-	TSSCMDS.RPT(#STC)

Automated Analysis
Refer to the following report produced by the TSS Data Collection:

-	PDI(ZCCS0032)

If the CA Common Services started task(s) is (are) defined in the TSS STC record, this is not a finding.</check-content></check></Rule></Group></Benchmark>