<?xml version="1.0" encoding="utf-8"?><?xml-stylesheet type='text/xsl' href='STIG_unclass.xsl'?><Benchmark xmlns:dc="http://purl.org/dc/elements/1.1/" xmlns:xsi="http://www.w3.org/2001/XMLSchema-instance" xmlns:cpe="http://cpe.mitre.org/language/2.0" xmlns:xhtml="http://www.w3.org/1999/xhtml" xmlns:dsig="http://www.w3.org/2000/09/xmldsig#" xsi:schemaLocation="http://checklists.nist.gov/xccdf/1.1 http://nvd.nist.gov/schema/xccdf-1.1.4.xsd http://cpe.mitre.org/dictionary/2.0 http://cpe.mitre.org/files/cpe-dictionary_2.1.xsd" id="zOS_NetView_for_TSS_STIG" xml:lang="en" xmlns="http://checklists.nist.gov/xccdf/1.1"><status date="2022-10-10">accepted</status><title>z/OS NetView for TSS Security Technical Implementation Guide</title><description>This Security Technical Implementation Guide is published as a tool to improve the security of Department of Defense (DoD) information systems. The requirements are derived from the National Institute of Standards and Technology (NIST) 800-53 and related documents. Comments or proposed revisions to this document should be sent via email to the following address: disa.stig_spt@mail.mil.</description><notice id="terms-of-use" xml:lang="en"></notice><front-matter xml:lang="en"></front-matter><rear-matter xml:lang="en"></rear-matter><reference href="https://cyber.mil"><dc:publisher>DISA</dc:publisher><dc:source>STIG.DOD.MIL</dc:source></reference><plain-text id="release-info">Release: 9 Benchmark Date: 23 Nov 2022</plain-text><plain-text id="generator">3.4.0.34222</plain-text><plain-text id="conventionsVersion">1.10.0</plain-text><version>6</version><Profile id="MAC-1_Classified"><title>I - Mission Critical Classified</title><description>&lt;ProfileDescription&gt;&lt;/ProfileDescription&gt;</description><select idref="V-225580" selected="true" /><select idref="V-225581" selected="true" /><select idref="V-225582" selected="true" /><select idref="V-225583" selected="true" /><select idref="V-225584" selected="true" /><select idref="V-225585" selected="true" /><select idref="V-225586" selected="true" /></Profile><Profile id="MAC-1_Public"><title>I - Mission Critical Public</title><description>&lt;ProfileDescription&gt;&lt;/ProfileDescription&gt;</description><select idref="V-225580" selected="true" /><select idref="V-225581" selected="true" /><select idref="V-225582" selected="true" /><select idref="V-225583" selected="true" /><select idref="V-225584" selected="true" /><select idref="V-225585" selected="true" /><select idref="V-225586" selected="true" /></Profile><Profile id="MAC-1_Sensitive"><title>I - Mission Critical Sensitive</title><description>&lt;ProfileDescription&gt;&lt;/ProfileDescription&gt;</description><select idref="V-225580" selected="true" /><select idref="V-225581" selected="true" /><select idref="V-225582" selected="true" /><select idref="V-225583" selected="true" /><select idref="V-225584" selected="true" /><select idref="V-225585" selected="true" /><select idref="V-225586" selected="true" /></Profile><Profile id="MAC-2_Classified"><title>II - Mission Support Classified</title><description>&lt;ProfileDescription&gt;&lt;/ProfileDescription&gt;</description><select idref="V-225580" selected="true" /><select idref="V-225581" selected="true" /><select idref="V-225582" selected="true" /><select idref="V-225583" selected="true" /><select idref="V-225584" selected="true" /><select idref="V-225585" selected="true" /><select idref="V-225586" selected="true" /></Profile><Profile id="MAC-2_Public"><title>II - Mission Support Public</title><description>&lt;ProfileDescription&gt;&lt;/ProfileDescription&gt;</description><select idref="V-225580" selected="true" /><select idref="V-225581" selected="true" /><select idref="V-225582" selected="true" /><select idref="V-225583" selected="true" /><select idref="V-225584" selected="true" /><select idref="V-225585" selected="true" /><select idref="V-225586" selected="true" /></Profile><Profile id="MAC-2_Sensitive"><title>II - Mission Support Sensitive</title><description>&lt;ProfileDescription&gt;&lt;/ProfileDescription&gt;</description><select idref="V-225580" selected="true" /><select idref="V-225581" selected="true" /><select idref="V-225582" selected="true" /><select idref="V-225583" selected="true" /><select idref="V-225584" selected="true" /><select idref="V-225585" selected="true" /><select idref="V-225586" selected="true" /></Profile><Profile id="MAC-3_Classified"><title>III - Administrative Classified</title><description>&lt;ProfileDescription&gt;&lt;/ProfileDescription&gt;</description><select idref="V-225580" selected="true" /><select idref="V-225581" selected="true" /><select idref="V-225582" selected="true" /><select idref="V-225583" selected="true" /><select idref="V-225584" selected="true" /><select idref="V-225585" selected="true" /><select idref="V-225586" selected="true" /></Profile><Profile id="MAC-3_Public"><title>III - Administrative Public</title><description>&lt;ProfileDescription&gt;&lt;/ProfileDescription&gt;</description><select idref="V-225580" selected="true" /><select idref="V-225581" selected="true" /><select idref="V-225582" selected="true" /><select idref="V-225583" selected="true" /><select idref="V-225584" selected="true" /><select idref="V-225585" selected="true" /><select idref="V-225586" selected="true" /></Profile><Profile id="MAC-3_Sensitive"><title>III - Administrative Sensitive</title><description>&lt;ProfileDescription&gt;&lt;/ProfileDescription&gt;</description><select idref="V-225580" selected="true" /><select idref="V-225581" selected="true" /><select idref="V-225582" selected="true" /><select idref="V-225583" selected="true" /><select idref="V-225584" selected="true" /><select idref="V-225585" selected="true" /><select idref="V-225586" selected="true" /></Profile><Group id="V-225580"><title>SRG-OS-000018</title><description>&lt;GroupDescription&gt;&lt;/GroupDescription&gt;</description><Rule id="SV-225580r868747_rule" weight="10.0" severity="medium"><version>ZNET0040</version><title>NetView configuration/parameter values must be specified properly.</title><description>&lt;VulnDiscussion&gt;NetView configuration/parameters control the security and operational characteristics of products. If these parameter values are improperly specified, security and operational controls may be weakened. This exposure may threaten the availability of the product applications, and compromise the confidentiality of customer data.&lt;/VulnDiscussion&gt;&lt;FalsePositives&gt;&lt;/FalsePositives&gt;&lt;FalseNegatives&gt;&lt;/FalseNegatives&gt;&lt;Documentable&gt;false&lt;/Documentable&gt;&lt;Mitigations&gt;&lt;/Mitigations&gt;&lt;SeverityOverrideGuidance&gt;&lt;/SeverityOverrideGuidance&gt;&lt;PotentialImpacts&gt;&lt;/PotentialImpacts&gt;&lt;ThirdPartyTools&gt;&lt;/ThirdPartyTools&gt;&lt;MitigationControl&gt;&lt;/MitigationControl&gt;&lt;Responsibility&gt;&lt;/Responsibility&gt;&lt;IAControls&gt;&lt;/IAControls&gt;</description><reference><dc:title>DPMS Target zOS NetView for TSS</dc:title><dc:publisher>DISA</dc:publisher><dc:type>DPMS Target</dc:type><dc:subject>zOS NetView for TSS</dc:subject><dc:identifier>4203</dc:identifier></reference><ident system="http://cyber.mil/legacy">V-18014</ident><ident system="http://cyber.mil/legacy">SV-28492</ident><ident system="http://cyber.mil/cci">CCI-000035</ident><fixtext fixref="F-27267r868746_fix">The Systems Programmer and ISSO will review NetView configuration parameters and control options for compliance.

To ensure authentication of users to NetView, ensure that CxxSTYLE in the DSIPARM DD statement concatenation of the NetView CNMPROC STC procedure has the following initialization parameter(s) specified:

(Note: The data set identified above is an example of a possible installation. The data set is determined when the product is actually installed on a system through the product's installation guide and can be site specific.)

SECOPTS.OPERSEC=SAFCHECK|SAFDEF

When SECOPTS.OPERSEC=SAFCHECK is used, it specifies that operator identification and password or password phrase checking is performed using an SAF security product. The operator identifier must also be defined in DSIOPF, and other attributes given to the operator at logon are taken from the specified profile for the operator in DSIPRF.

Security access checks are checked against the authority of the operator that occur when an operator tries to access a data set that is protected in the DATASET class of an SAF product or an MVS system command that is protected in the OPERCMDS class of an SAF product.

When SECOPTS.OPERSEC=SAFDEF is used, it specifies that operator identification and password or password phrase checking is done using an SAF security product. Authority to log on as a NetView operator is controlled through the APPL class. The operator identifier must be authorized to the resource name in the APPL class which represents the NetView program.

The attributes given to the operator at logon are defined in the NETVIEW segment of the user profile for the operator in the SAF product. For more information, refer to IBM Tivoli NetView for z/OS Security Reference.

When SECOPTS.OPERSEC=SAFDEF is specified, any value for SECOPTS.CMDAUTH can be used.

Additional details can be obtained in the IBM Tivoli NetView for z/OS Security Reference.

SECOPTS.CMDAUTH=SAF.FAIL|SAF.table

When SECOPTS.CMDAUTH=SAF.table is used, table specifies the backup table to be used for immediate commands and when the SAF product cannot make a security decision. This can occur when:

___	No resource name is defined in the NETCMDS class which protects or authorizes this command.
___	The NETCMDS class is not active.
___	The security product is not active.

When SECOPTS.CMDAUTH=SAF.FAIL is used, command authority checking will fail if the SAF product can reach no decision.

Additional details can be obtained in the IBM Tivoli NetView for z/OS Administration Reference.</fixtext><fix id="F-27267r868746_fix" /><check system="C-27279r868745_chk"><check-content-ref href="zOS_NetView_for_TSS_STIG.xml" name="M" /><check-content>Review the member CxxSTYLE in the DSIPARM DD statement concatenation of the NetView CNMPROC STC procedure.

Automated Analysis
Refer to the following report produced by the Data Set and Resource Data Collection:

- PDI(ZNET0040)

Ensure that all NetView configuration requirements are specified. If the following guidance is true, this is not a finding.

Keyword                           Value
SECOPTS.OPERSEC         SAFCHECK|SAFDEF
SECOPTS.CMDAUTH      SAF.FAIL|SAF.table</check-content></check></Rule></Group><Group id="V-225581"><title>SRG-OS-000080</title><description>&lt;GroupDescription&gt;&lt;/GroupDescription&gt;</description><Rule id="SV-225581r855187_rule" weight="10.0" severity="medium"><version>ZNETT000</version><title>NetView install data sets are not properly protected.</title><description>&lt;VulnDiscussion&gt;NetView install data sets provide the capability to use privileged functions and/or have access to sensitive data. Failure to properly restrict access to these data sets could result in violating the integrity of the base product which could result in compromising the operating system or sensitive data.&lt;/VulnDiscussion&gt;&lt;FalsePositives&gt;&lt;/FalsePositives&gt;&lt;FalseNegatives&gt;&lt;/FalseNegatives&gt;&lt;Documentable&gt;false&lt;/Documentable&gt;&lt;Mitigations&gt;&lt;/Mitigations&gt;&lt;SeverityOverrideGuidance&gt;&lt;/SeverityOverrideGuidance&gt;&lt;PotentialImpacts&gt;&lt;/PotentialImpacts&gt;&lt;ThirdPartyTools&gt;&lt;/ThirdPartyTools&gt;&lt;MitigationControl&gt;&lt;/MitigationControl&gt;&lt;Responsibility&gt;&lt;/Responsibility&gt;&lt;IAControls&gt;&lt;/IAControls&gt;</description><reference><dc:title>DPMS Target zOS NetView for TSS</dc:title><dc:publisher>DISA</dc:publisher><dc:type>DPMS Target</dc:type><dc:subject>zOS NetView for TSS</dc:subject><dc:identifier>4203</dc:identifier></reference><ident system="http://cyber.mil/legacy">SV-27315</ident><ident system="http://cyber.mil/legacy">V-16932</ident><ident system="http://cyber.mil/cci">CCI-000213</ident><ident system="http://cyber.mil/cci">CCI-002234</ident><fixtext fixref="F-27268r472540_fix">The IAO will ensure that update and allocate access to NetView install data sets is limited to System Programmers only,  and all update and allocate access is logged. All other users can have read access.

The installing Systems Programmer will identify and document the product data sets and categorize them according to who will have update and alter access and if required that all update and allocate access is logged. He will identify if any additional groups have update access for specific data sets, and once documented he will work with the IAO to see that they are properly restricted to the ACP (Access Control Program ) active on the system.

Data sets to be protected will be: 
SYS2.NETVIEW 
SYS2A.NETVIEW
SYS3.NETVIEW

The following commands are provided as a sample for implementing dataset controls:

TSS PERMIT(syspaudt) DSN(SYS2.netview.) ACCESS(r)
TSS PERMIT(syspaudt) DSN(SYS2.netview.) ACCESS(all) ACTION(AUDIT)

TSS PERMIT(syspaudt) DSN(SYS2a.netview.) ACCESS(r)
TSS PERMIT(syspaudt) DSN(SYS2a.netview.) ACCESS(all) ACTION(AUDIT)

TSS PERMIT(syspaudt) DSN(SYS3.netview.) ACCESS(r)
TSS PERMIT(syspaudt) DSN(SYS3.netview.) ACCESS(all) ACTION(AUDIT)


</fixtext><fix id="F-27268r472540_fix" /><check system="C-27280r472539_chk"><check-content-ref href="zOS_NetView_for_TSS_STIG.xml" name="M" /><check-content>a)	Refer to the following report produced by the Data Set and Resource Data Collection:

-	SENSITVE.RPT(NETVRPT)

Automated Analysis
Refer to the following report produced by the Data Set and Resource Data Collection:

-	PDI(ZNET0000)

b)	Verify that access to the NetView install data sets are properly restricted.
 
___	The TSS data set rules for the data sets does not restrict UPDATE and/or ALTER access to systems programming personnel.

___	The TSS data set rules for the datasets does not specify that all (i.e., failures and successes) UPDATE and/or ALTER access will be logged.

c)	If all of the above are untrue, there is NO FINDING.

d)	If any of the above is true, this is a FINDING.</check-content></check></Rule></Group><Group id="V-225582"><title>SRG-OS-000259</title><description>&lt;GroupDescription&gt;&lt;/GroupDescription&gt;</description><Rule id="SV-225582r472544_rule" weight="10.0" severity="medium"><version>ZNETT001</version><title>NetView STC data sets are not properly protected.</title><description>&lt;VulnDiscussion&gt;NetView STC data sets provide the capability to use privileged functions and/or have access to sensitive data. Failure to properly restrict access to their data sets could result in violating the integrity of the base product which could result in compromising the operating system or sensitive data.&lt;/VulnDiscussion&gt;&lt;FalsePositives&gt;&lt;/FalsePositives&gt;&lt;FalseNegatives&gt;&lt;/FalseNegatives&gt;&lt;Documentable&gt;false&lt;/Documentable&gt;&lt;Mitigations&gt;&lt;/Mitigations&gt;&lt;SeverityOverrideGuidance&gt;&lt;/SeverityOverrideGuidance&gt;&lt;PotentialImpacts&gt;&lt;/PotentialImpacts&gt;&lt;ThirdPartyTools&gt;&lt;/ThirdPartyTools&gt;&lt;MitigationControl&gt;&lt;/MitigationControl&gt;&lt;Responsibility&gt;&lt;/Responsibility&gt;&lt;IAControls&gt;&lt;/IAControls&gt;</description><reference><dc:title>DPMS Target zOS NetView for TSS</dc:title><dc:publisher>DISA</dc:publisher><dc:type>DPMS Target</dc:type><dc:subject>zOS NetView for TSS</dc:subject><dc:identifier>4203</dc:identifier></reference><ident system="http://cyber.mil/legacy">V-17067</ident><ident system="http://cyber.mil/legacy">SV-27327</ident><ident system="http://cyber.mil/cci">CCI-001499</ident><fixtext fixref="F-27269r472543_fix">The IAO will ensure that update and allocate access to NetView STC data sets are limited to System Programmers and NetView STC only, unless a letter justifying access is filed with the IAO. Auditors should have READ access.

The installing Systems Programmer will identify and document the product data sets and categorize them according to who will have update and alter access and if required that all update and allocate access is logged. He will identify if any additional groups have update and/or alter access for specific data sets, and once documented he will work with the IAO to see that they are properly restricted to the ACP (Access Control Program) active on the system.

Data sets to be protected will be: 
SYS3.NETVIEW.&lt;systemid&gt;.* (VSAM data sets)

The following commands are provided as a sample for implementing dataset controls: 

TSS PERMIT(CNMPROC) DSN(SYS3.netview.&lt;systemid&gt;.) ACCESS(R)
TSS PERMIT(audtaudt) DSN(SYS3.netview.&lt;systemid&gt;.) ACCESS(R)
TSS PERMIT(syspaudt) DSN(SYS3.netview.&lt;systemid&gt;.) ACCESS(R)
TSS PERMIT(tstcpaudt) DSN(SYS3.netview.&lt;systemid&gt;.) ACCESS(R)
TSS PERMIT(CNMPROC) DSN(SYS3.netview.&lt;systemid&gt;.) ACCESS(ALL)
TSS PERMIT(syspaudt) DSN(SYS3.netview.&lt;systemid&gt;.) ACCESS(ALL)
TSS PERMIT(tstcaudt) DSN(SYS3.netview.&lt;systemid&gt;.) ACCESS(ALL)

The VSAM Dataset required for greater than read access are:
SYS3.NETVIEW.&lt;systemid&gt;.AAUVSPL
SYS3.NETVIEW.&lt;systemid&gt;.AAUVSSL
SYS3.NETVIEW.&lt;systemid&gt;.BNJLGPR
SYS3.NETVIEW.&lt;systemid&gt;.BNJLGSE
SYS3.NETVIEW.&lt;systemid&gt;.BNJ36PR
SYS3.NETVIEW.&lt;systemid&gt;.BNJ36SE
SYS3.NETVIEW.&lt;systemid&gt;.DSIKPNL
SYS3.NETVIEW.&lt;systemid&gt;.DSILIST
SYS3.NETVIEW.&lt;systemid&gt;.DSILOGP
SYS3.NETVIEW.&lt;systemid&gt;.DSILOGS
SYS3.NETVIEW.&lt;systemid&gt;.DSISVRT
SYS3.NETVIEW.&lt;systemid&gt;.DSITRCP
SYS3.NETVIEW.&lt;systemid&gt;.DSITRCS
SYS3.NETVIEW.&lt;systemid&gt;.SDSIOPEN</fixtext><fix id="F-27269r472543_fix" /><check system="C-27281r472542_chk"><check-content-ref href="zOS_NetView_for_TSS_STIG.xml" name="M" /><check-content>Refer to the following report produced by the Data Set and Resource Data Collection:

-	SENSITVE.RPT(NETVSTC)

Automated Analysis
Refer to the following report produced by the Data Set and Resource Data Collection:

-	PDI(ZNET0001)

Verify that acess to the NetView STC data sets are properly restricted.

___	The TSS data set rules for the data sets restricts READ access to auditors.

___	The TSS data set rules for the data sets restricts UPDATE and/or ALL access to systems programming personnel.

___	The TSS data set rules for the data sets restricts UPDATE and/or ALL access to the product STC(s) and/or batch job(s).</check-content></check></Rule></Group><Group id="V-225583"><title>SRG-OS-000018</title><description>&lt;GroupDescription&gt;&lt;/GroupDescription&gt;</description><Rule id="SV-225583r868750_rule" weight="10.0" severity="medium"><version>ZNETT020</version><title>NetView resources must be properly defined and protected.</title><description>&lt;VulnDiscussion&gt;NetView can run with sensitive system privileges, and potentially can circumvent system controls. Failure to properly control access to product resources could result in the compromise of the operating system environment, and compromise the confidentiality of customer data. Many utilities assign resource controls that can be granted to systems programmers only in greater than read authority. Resources are also granted to certain non systems personnel with read only authority.&lt;/VulnDiscussion&gt;&lt;FalsePositives&gt;&lt;/FalsePositives&gt;&lt;FalseNegatives&gt;&lt;/FalseNegatives&gt;&lt;Documentable&gt;false&lt;/Documentable&gt;&lt;Mitigations&gt;&lt;/Mitigations&gt;&lt;SeverityOverrideGuidance&gt;&lt;/SeverityOverrideGuidance&gt;&lt;PotentialImpacts&gt;&lt;/PotentialImpacts&gt;&lt;ThirdPartyTools&gt;&lt;/ThirdPartyTools&gt;&lt;MitigationControl&gt;&lt;/MitigationControl&gt;&lt;Responsibility&gt;&lt;/Responsibility&gt;&lt;IAControls&gt;&lt;/IAControls&gt;</description><reference><dc:title>DPMS Target zOS NetView for TSS</dc:title><dc:publisher>DISA</dc:publisher><dc:type>DPMS Target</dc:type><dc:subject>zOS NetView for TSS</dc:subject><dc:identifier>4203</dc:identifier></reference><ident system="http://cyber.mil/legacy">SV-50926</ident><ident system="http://cyber.mil/legacy">V-17947</ident><ident system="http://cyber.mil/cci">CCI-000035</ident><ident system="http://cyber.mil/cci">CCI-002234</ident><fixtext fixref="F-27270r868749_fix">The ISSO will work with the systems programmer to verify that the following are properly specified in the ACP.

(Note: The resource class, resources, and/or resource prefixes identified below are examples of a possible installation. The actual resource class, resources, and/or resource prefixes are determined when the product is actually installed on a system through the product's installation guide and can be site specific.)

When SECOPTS.OPERSEC=SAFPW is specified in ZNET0040, this is not applicable. This can be bypassed. 

Ensure that all NetView resources and/or generic equivalents are properly protected according to the requirements specified in the NetView Resources table in the z/OS STIG Addendum. Additional details can be obtained in the IBM Tivoli NetView for z/OS Security Reference.

Use the NetView Resources table in the z/OS STIG Addendum. This table lists the resources and access requirements for NetView, ensure the following guidelines are followed:

The TSS resources and/or generic equivalents as designated in the above table are owned or DEFPROT is specified for the resource class.

The TSS resource access authorizations restrict access to the appropriate personnel as designated in the above table.

The following commands are provided as a sample for implementing resource controls:

TSS ADD(dept-acid) NETCMDS(netid)
TSS PERMIT(syspaudt) NETCMDS(netid.luname.ADDCMD) ACCESS(READ)</fixtext><fix id="F-27270r868749_fix" /><check system="C-27282r868748_chk"><check-content-ref href="zOS_NetView_for_TSS_STIG.xml" name="M" /><check-content>Refer to the following report produced by the TSS Data Collection and Data Set and Resource Data Collection:

- SENSITVE.RPT(ZNET0020)

Automated Analysis
Refer to the following report produced by the Data Set and Resource Data Collection:

- PDI(ZNET0020)

When SECOPTS.OPERSEC=SAFPW is specified in ZNET0040, this is not applicable. 

Ensure that all NetView resources and/or generic equivalents are properly protected according to the requirements specified in the NetView Resources table in the z/OS STIG Addendum. If the following guidance is true, this is not a finding.

___ The TSS resources and/or generic equivalents as designated in the above table are owned or DEFPROT is specified for the resource class.

___ The TSS resource access authorizations restrict access to the appropriate personnel as designated in the above table.</check-content></check></Rule></Group><Group id="V-225584"><title>SRG-OS-000104</title><description>&lt;GroupDescription&gt;&lt;/GroupDescription&gt;</description><Rule id="SV-225584r472550_rule" weight="10.0" severity="medium"><version>ZNETT030</version><title>NetView Started Task name(s) is not properly identified / defined to the system ACP.</title><description>&lt;VulnDiscussion&gt;NetView requires a started task(s) that will be restricted to certain resources, datasets and other system functions. By defining the started task as a userid to the system ACP, It allows the ACP to control the access and authorized users that require these capabilities. Failure to properly control these capabilities, could compromise of the operating system environment, ACP, and customer data.&lt;/VulnDiscussion&gt;&lt;FalsePositives&gt;&lt;/FalsePositives&gt;&lt;FalseNegatives&gt;&lt;/FalseNegatives&gt;&lt;Documentable&gt;false&lt;/Documentable&gt;&lt;Mitigations&gt;&lt;/Mitigations&gt;&lt;SeverityOverrideGuidance&gt;&lt;/SeverityOverrideGuidance&gt;&lt;PotentialImpacts&gt;&lt;/PotentialImpacts&gt;&lt;ThirdPartyTools&gt;&lt;/ThirdPartyTools&gt;&lt;MitigationControl&gt;&lt;/MitigationControl&gt;&lt;Responsibility&gt;&lt;/Responsibility&gt;&lt;IAControls&gt;&lt;/IAControls&gt;</description><reference><dc:title>DPMS Target zOS NetView for TSS</dc:title><dc:publisher>DISA</dc:publisher><dc:type>DPMS Target</dc:type><dc:subject>zOS NetView for TSS</dc:subject><dc:identifier>4203</dc:identifier></reference><ident system="http://cyber.mil/legacy">V-17452</ident><ident system="http://cyber.mil/legacy">SV-28615</ident><ident system="http://cyber.mil/cci">CCI-000764</ident><fixtext fixref="F-27271r472549_fix">The Systems Programmer and IAO will ensure that the started task(s) for NetView is properly defined.

Define the started task userid CNMPROC and CNMPSSI for NetView.

Example:

TSS CRE(CNMPROC) DEPT(Dept) NAME('NetView') -
  FAC(STC) MASTFAC(NETVIEW) PASSWORD(password,0) -
  SOURCE(INTRDR)
TSS CRE(CNMPSSI) DEPT(Dept) NAME('NetView') -
  FAC(STC) PASSWORD(password,0) -
  SOURCE(INTRDR)</fixtext><fix id="F-27271r472549_fix" /><check system="C-27283r472548_chk"><check-content-ref href="zOS_NetView_for_TSS_STIG.xml" name="M" /><check-content>a)	Refer to the following reports produced by the TSS Data Collection:

-	TSSCMDS.RPT(@ACIDS)

b)	Review the NetView STC/Batch ACID(s) for the following:

___	Is defined as CNMPROC for the ACID.

___	Is defined as CNMPSSI for the ACID.

___	Both are defined with Facility of STC and/or BATCH.

___	CNMPROC is defined with Master Facility of NETVIEW.

___	Both are sourced to the INTRDR.

c)	If all of the above are true, there is NO FINDING.

d)	If any of the above is untrue, this is a FINDING.</check-content></check></Rule></Group><Group id="V-225585"><title>SRG-OS-000104</title><description>&lt;GroupDescription&gt;&lt;/GroupDescription&gt;</description><Rule id="SV-225585r472553_rule" weight="10.0" severity="medium"><version>ZNETT032</version><title>IBM Tivoli NetView Started task(s) must be properly defined to the Started Task Table ACID for Top Secret.</title><description>&lt;VulnDiscussion&gt;Access to product  resources should be restricted to only those individuals responsible for the application connectivity and who have a requirement to access these resources.  Improper control of product resources could potentially compromise the operating system, ACP, and customer data.&lt;/VulnDiscussion&gt;&lt;FalsePositives&gt;&lt;/FalsePositives&gt;&lt;FalseNegatives&gt;&lt;/FalseNegatives&gt;&lt;Documentable&gt;false&lt;/Documentable&gt;&lt;Mitigations&gt;&lt;/Mitigations&gt;&lt;SeverityOverrideGuidance&gt;&lt;/SeverityOverrideGuidance&gt;&lt;PotentialImpacts&gt;&lt;/PotentialImpacts&gt;&lt;ThirdPartyTools&gt;&lt;/ThirdPartyTools&gt;&lt;MitigationControl&gt;&lt;/MitigationControl&gt;&lt;Responsibility&gt;&lt;/Responsibility&gt;&lt;IAControls&gt;&lt;/IAControls&gt;</description><reference><dc:title>DPMS Target zOS NetView for TSS</dc:title><dc:publisher>DISA</dc:publisher><dc:type>DPMS Target</dc:type><dc:subject>zOS NetView for TSS</dc:subject><dc:identifier>4203</dc:identifier></reference><ident system="http://cyber.mil/legacy">V-17454</ident><ident system="http://cyber.mil/legacy">SV-28464</ident><ident system="http://cyber.mil/cci">CCI-000764</ident><fixtext fixref="F-27272r472552_fix">The IBM Tivoli NetView system programmer and the IAO will ensure that a product's started task(s) is (are) properly identified and/or defined to the System ACP. 

A unique ACID must be assigned for the IBM Tivoli NetView started task(s) thru a corresponding STC table entry.

The following sample set of commands is shown here as a guideline:

TSS ADD(STC) PROCNAME(CNMPROC) ACID(CNMPROC)
TSS ADD(STC) PROCNAME(CNMPSSI) ACID(CNMPSSI)</fixtext><fix id="F-27272r472552_fix" /><check system="C-27284r472551_chk"><check-content-ref href="zOS_NetView_for_TSS_STIG.xml" name="M" /><check-content>Refer to the following report produced by the TSS Data Collection:

-	TSSCMDS.RPT(#STC)

Automated Analysis
Refer to the following report produced by the TSS Data Collection:

-	PDI(ZNET0032)

Verify that the IBM Tivoli NetView started task(s) is (are) defined in the TSS STC record.</check-content></check></Rule></Group><Group id="V-225586"><title>SRG-OS-000104</title><description>&lt;GroupDescription&gt;&lt;/GroupDescription&gt;</description><Rule id="SV-225586r472556_rule" weight="10.0" severity="medium"><version>ZNETT036</version><title>NetView is not properly defined to the Facility Matrix Table for Top Secret.</title><description>&lt;VulnDiscussion&gt;Improperly defined security controls for the Product could result in the compromise of the network, operating system, and customer data.&lt;/VulnDiscussion&gt;&lt;FalsePositives&gt;&lt;/FalsePositives&gt;&lt;FalseNegatives&gt;&lt;/FalseNegatives&gt;&lt;Documentable&gt;false&lt;/Documentable&gt;&lt;Mitigations&gt;&lt;/Mitigations&gt;&lt;SeverityOverrideGuidance&gt;&lt;/SeverityOverrideGuidance&gt;&lt;PotentialImpacts&gt;&lt;/PotentialImpacts&gt;&lt;ThirdPartyTools&gt;&lt;/ThirdPartyTools&gt;&lt;MitigationControl&gt;&lt;/MitigationControl&gt;&lt;Responsibility&gt;&lt;/Responsibility&gt;&lt;IAControls&gt;&lt;/IAControls&gt;</description><reference><dc:title>DPMS Target zOS NetView for TSS</dc:title><dc:publisher>DISA</dc:publisher><dc:type>DPMS Target</dc:type><dc:subject>zOS NetView for TSS</dc:subject><dc:identifier>4203</dc:identifier></reference><ident system="http://cyber.mil/legacy">SV-28465</ident><ident system="http://cyber.mil/legacy">V-17469</ident><ident system="http://cyber.mil/cci">CCI-000764</ident><fixtext fixref="F-27273r472555_fix">Define NETVIEW as a Facility to TOP SECRET in the Facility Matrix Table using the following example:

**** NETVIEW
* 
FACILITY(USERxx=NAME=NETVIEW) 
FACILITY(NETVIEW=MODE=FAIL) 
FACILITY(NETVIEW=PGM=DSI) 
FACILITY(NETVIEW=ACTIVE,SHRPRF,ASUBM,ABEND,MULTIUSER,NOXDEF)
FACILITY(NETVIEW=LUMSG,STMSG,SIGN(M),INSTDATA,NORNDPW,AUTHINIT)

FACILITY(NETVIEW=NOPROMPT,NOAUDIT,RES,WARNPW,NOTSOC,LCFTRANS,IJU)

FACILITY(NETVIEW=MSGLC,NOTRACE,NOEODINIT,NODORMPW,NONPWR)

FACILITY(NETVIEW=LOG(INIT,SMF,MSG,SEC9))

FACILITY(NETVIEW=DOWN=GLOBAL,LOCKTIME=00,DEFACID(*NONE*))</fixtext><fix id="F-27273r472555_fix" /><check system="C-27285r472554_chk"><check-content-ref href="zOS_NetView_for_TSS_STIG.xml" name="M" /><check-content>a)	Refer to the following report produced by the TSS Data Collection:

-	TSSCMDS.RPT(FACLIST) - Preferred report containing all control option values in effect including default values
-	TSSCMDS.RPT(TSSPRMFL) - Alternate report containing only control option values explicitly coded at TSS startup

b)	If NETVIEW is properly defined in the Facility Matrix table, there is NO FINDING:

c)	If NETVIEW is improperly defined in the Facility Matrix table, this is a FINDING.</check-content></check></Rule></Group></Benchmark>