<?xml version="1.0" encoding="utf-8"?><?xml-stylesheet type='text/xsl' href='STIG_unclass.xsl'?><Benchmark xmlns:dc="http://purl.org/dc/elements/1.1/" xmlns:xsi="http://www.w3.org/2001/XMLSchema-instance" xmlns:cpe="http://cpe.mitre.org/language/2.0" xmlns:xhtml="http://www.w3.org/1999/xhtml" xmlns:dsig="http://www.w3.org/2000/09/xmldsig#" xsi:schemaLocation="http://checklists.nist.gov/xccdf/1.1 http://nvd.nist.gov/schema/xccdf-1.1.4.xsd http://cpe.mitre.org/dictionary/2.0 http://cpe.mitre.org/files/cpe-dictionary_2.1.xsd" id="zOS_TADz_for_TSS_STIG" xml:lang="en" xmlns="http://checklists.nist.gov/xccdf/1.1"><status date="2022-10-10">accepted</status><title>z/OS TADz for TSS Security Technical Implementation Guide</title><description>This Security Technical Implementation Guide is published as a tool to improve the security of Department of Defense (DoD) information systems. The requirements are derived from the National Institute of Standards and Technology (NIST) 800-53 and related documents. Comments or proposed revisions to this document should be sent via email to the following address: disa.stig_spt@mail.mil.</description><notice id="terms-of-use" xml:lang="en"></notice><front-matter xml:lang="en"></front-matter><rear-matter xml:lang="en"></rear-matter><reference href="https://cyber.mil"><dc:publisher>DISA</dc:publisher><dc:source>STIG.DOD.MIL</dc:source></reference><plain-text id="release-info">Release: 7 Benchmark Date: 23 Nov 2022</plain-text><plain-text id="generator">3.4.0.34222</plain-text><plain-text id="conventionsVersion">1.10.0</plain-text><version>6</version><Profile id="MAC-1_Classified"><title>I - Mission Critical Classified</title><description>&lt;ProfileDescription&gt;&lt;/ProfileDescription&gt;</description><select idref="V-225608" selected="true" /><select idref="V-225609" selected="true" /><select idref="V-225610" selected="true" /><select idref="V-225611" selected="true" /></Profile><Profile id="MAC-1_Public"><title>I - Mission Critical Public</title><description>&lt;ProfileDescription&gt;&lt;/ProfileDescription&gt;</description><select idref="V-225608" selected="true" /><select idref="V-225609" selected="true" /><select idref="V-225610" selected="true" /><select idref="V-225611" selected="true" /></Profile><Profile id="MAC-1_Sensitive"><title>I - Mission Critical Sensitive</title><description>&lt;ProfileDescription&gt;&lt;/ProfileDescription&gt;</description><select idref="V-225608" selected="true" /><select idref="V-225609" selected="true" /><select idref="V-225610" selected="true" /><select idref="V-225611" selected="true" /></Profile><Profile id="MAC-2_Classified"><title>II - Mission Support Classified</title><description>&lt;ProfileDescription&gt;&lt;/ProfileDescription&gt;</description><select idref="V-225608" selected="true" /><select idref="V-225609" selected="true" /><select idref="V-225610" selected="true" /><select idref="V-225611" selected="true" /></Profile><Profile id="MAC-2_Public"><title>II - Mission Support Public</title><description>&lt;ProfileDescription&gt;&lt;/ProfileDescription&gt;</description><select idref="V-225608" selected="true" /><select idref="V-225609" selected="true" /><select idref="V-225610" selected="true" /><select idref="V-225611" selected="true" /></Profile><Profile id="MAC-2_Sensitive"><title>II - Mission Support Sensitive</title><description>&lt;ProfileDescription&gt;&lt;/ProfileDescription&gt;</description><select idref="V-225608" selected="true" /><select idref="V-225609" selected="true" /><select idref="V-225610" selected="true" /><select idref="V-225611" selected="true" /></Profile><Profile id="MAC-3_Classified"><title>III - Administrative Classified</title><description>&lt;ProfileDescription&gt;&lt;/ProfileDescription&gt;</description><select idref="V-225608" selected="true" /><select idref="V-225609" selected="true" /><select idref="V-225610" selected="true" /><select idref="V-225611" selected="true" /></Profile><Profile id="MAC-3_Public"><title>III - Administrative Public</title><description>&lt;ProfileDescription&gt;&lt;/ProfileDescription&gt;</description><select idref="V-225608" selected="true" /><select idref="V-225609" selected="true" /><select idref="V-225610" selected="true" /><select idref="V-225611" selected="true" /></Profile><Profile id="MAC-3_Sensitive"><title>III - Administrative Sensitive</title><description>&lt;ProfileDescription&gt;&lt;/ProfileDescription&gt;</description><select idref="V-225608" selected="true" /><select idref="V-225609" selected="true" /><select idref="V-225610" selected="true" /><select idref="V-225611" selected="true" /></Profile><Group id="V-225608"><title>SRG-OS-000080</title><description>&lt;GroupDescription&gt;&lt;/GroupDescription&gt;</description><Rule id="SV-225608r855215_rule" weight="10.0" severity="medium"><version>ZTADT000</version><title>Tivoli Asset Discovery for z/OS (TADz) Install data sets are not properly protected.</title><description>&lt;VulnDiscussion&gt;Tivoli Asset Discovery for z/OS (TADz) Install data sets provide the capability to use privileged functions and/or have access to sensitive data. Failure to properly restrict access to their data sets could result in violating the integrity of the base product which could result in compromising the operating system or sensitive data.&lt;/VulnDiscussion&gt;&lt;FalsePositives&gt;&lt;/FalsePositives&gt;&lt;FalseNegatives&gt;&lt;/FalseNegatives&gt;&lt;Documentable&gt;false&lt;/Documentable&gt;&lt;Mitigations&gt;&lt;/Mitigations&gt;&lt;SeverityOverrideGuidance&gt;&lt;/SeverityOverrideGuidance&gt;&lt;PotentialImpacts&gt;&lt;/PotentialImpacts&gt;&lt;ThirdPartyTools&gt;&lt;/ThirdPartyTools&gt;&lt;MitigationControl&gt;&lt;/MitigationControl&gt;&lt;Responsibility&gt;&lt;/Responsibility&gt;&lt;IAControls&gt;&lt;/IAControls&gt;</description><reference><dc:title>DPMS Target zOS TADz for TSS</dc:title><dc:publisher>DISA</dc:publisher><dc:type>DPMS Target</dc:type><dc:subject>zOS TADz for TSS</dc:subject><dc:identifier>4208</dc:identifier></reference><ident system="http://cyber.mil/legacy">V-16932</ident><ident system="http://cyber.mil/legacy">SV-28471</ident><ident system="http://cyber.mil/cci">CCI-000213</ident><ident system="http://cyber.mil/cci">CCI-002234</ident><fixtext fixref="F-27296r472624_fix">The IAO will ensure that update and allocate/create access to program product data sets is limited to System Programmers only, and all update and allocate/create access is logged.  Auditors should have read access.

The installing Systems Programmer will identify and document the product data sets and categorize them according to who will have update and allocate/create access and if required that all update and allocate/create access is logged. He will identify if any additional groups have update access for specific data sets, and once documented he will work with the IAO to see that they are properly restricted to the ACP (Access Control Program ) active on the system.

Data sets to be protected will be: 
SYS2.TADZ 
SYS2.TADZ .V-.SHSIMOD1 (optional fully-qualified APF).
SYS3.TADZ 

The following commands are provided as a sample for implementing dataset controls: 

TSS PERMIT(syspaudt) DSN(SYS2.TADZ.) ACCESS(R) 
TSS PERMIT(syspaudt) DSN(SYS2.TADZ.) ACCESS(ALL) ACTION(AUDIT)
TSS PERMIT(audtaudt) DSN(SYS2.TADZ.) ACCESS(R) 

TSS PERMIT(syspaudt) DSN(sys2.tadz.*.shsimod1) ACCESS(R) 
TSS PERMIT(syspaudt) DSN(sys2.tadz.*.shsimod1) ACCESS(ALL) ACTION(AUDIT)
TSS PERMIT(audtaudt) DSN(SYS2.TADZ.*.shsimod1) ACCESS(R) 

TSS PERMIT(syspaudt) DSN(SYS3.TADZ.) ACCESS(R)
TSS PERMIT(syspaudt) DSN(SYS3.TADZ.) ACCESS(ALL) ACTION(AUDIT)
TSS PERMIT(audtaudt) DSN(SYS3.TADZ.) ACCESS(R)
</fixtext><fix id="F-27296r472624_fix" /><check system="C-27308r472623_chk"><check-content-ref href="zOS_TADz_for_TSS_STIG.xml" name="M" /><check-content>a)	Refer to the following report produced by the Data Set and Resource Data Collection:

-	SENSITVE.RPT(TADZRPT)

Automated Analysis
Refer to the following report produced by the Data Set and Resource Data Collection:

-	PDI(ZTAD0000)

b)	Verify that access to the TADz Install data sets are properly restricted.
 
___	The TSS data set rules for the data sets does not restrict UPDATE and/or ALTER access to systems programming personnel.

___	The TSS data set rules for the data sets does not specify that all (i.e., failures and successes) UPDATE and/or ALTER access will be logged.

c)	If all of the above are untrue, there is NO FINDING.

d)	If any of the above is true, this is a FINDING.</check-content></check></Rule></Group><Group id="V-225609"><title>SRG-OS-000259</title><description>&lt;GroupDescription&gt;&lt;/GroupDescription&gt;</description><Rule id="SV-225609r868762_rule" weight="10.0" severity="medium"><version>ZTADT001</version><title>Tivoli Asset Discovery for zOS (TADz) STC and/or batch data sets are not properly protected.</title><description>&lt;VulnDiscussion&gt;Tivoli Asset Discovery for zOS (TADz) STC and/or batch data sets provide the capability to use privileged functions and/or have access to sensitive data. Failure to properly restrict access to their data sets could result in violating the integrity of the base product which could result in compromising the operating system or sensitive data.&lt;/VulnDiscussion&gt;&lt;FalsePositives&gt;&lt;/FalsePositives&gt;&lt;FalseNegatives&gt;&lt;/FalseNegatives&gt;&lt;Documentable&gt;false&lt;/Documentable&gt;&lt;Mitigations&gt;&lt;/Mitigations&gt;&lt;SeverityOverrideGuidance&gt;&lt;/SeverityOverrideGuidance&gt;&lt;PotentialImpacts&gt;&lt;/PotentialImpacts&gt;&lt;ThirdPartyTools&gt;&lt;/ThirdPartyTools&gt;&lt;MitigationControl&gt;&lt;/MitigationControl&gt;&lt;Responsibility&gt;&lt;/Responsibility&gt;&lt;IAControls&gt;&lt;/IAControls&gt;</description><reference><dc:title>DPMS Target zOS TADz for TSS</dc:title><dc:publisher>DISA</dc:publisher><dc:type>DPMS Target</dc:type><dc:subject>zOS TADz for TSS</dc:subject><dc:identifier>4208</dc:identifier></reference><ident system="http://cyber.mil/legacy">SV-28549</ident><ident system="http://cyber.mil/legacy">V-17067</ident><ident system="http://cyber.mil/cci">CCI-001499</ident><fixtext fixref="F-27297r868761_fix">Grant update and alter access to Tivoli Asset Discovery for z/OS (TADz) STC and/or batch data sets are limited to systems programmers and TADz STC and/or batch jobs only. 

Grant Read access to any scheduling products that are in use.
 
Grant Read access to auditors at the ISSO's discretion.

Identify and document the product data sets and categorize them according to who will have update and alter access and if required that all update and allocate access is logged. Identify if any additional groups have update access for specific data sets, and assure that they are properly restricted to the ACP (Access Control Program) active on the system.

Data sets to be protected will be:
SYS3.TADZ

The following commands are provided as a sample for implementing dataset controls: 

TSS PERMIT(syspaudt) DSN(sys3.tadz.*.iq*.) ACCESS(R)
TSS PERMIT(tadzmon) DSN(sys3.tadz.*.iq*.) ACCESS(R)
TSS PERMIT(tadzinq) DSN(sys3.tadz.*.iq*.) ACCESS(R)
TSS PERMIT(syspaudt) DSN(sys3.tadz.*.iq*.) ACCESS(ALL)
TSS PERMIT(tadzmon) DSN(sys3.tadz.*.iq*.) ACCESS(ALL)
TSS PERMIT(tadzinq) DSN(sys3.tadz.*.iq*.) ACCESS(ALL)
TSS PERMIT(syspaudt) DSN(sys3.tadz.*.uiq.) ACCESS(R)
TSS PERMIT(tadzmon) DSN(sys3.tadz.*.uiq.) ACCESS(R)
TSS PERMIT(tadzinq) DSN(sys3.tadz.*.uiq.) ACCESS(R)
TSS PERMIT(syspaudt) DSN(sys3.tadz.*.uiq.) ACCESS(ALL)
TSS PERMIT(tadzmon) DSN(sys3.tadz.*.uiq.) ACCESS(ALL)
TSS PERMIT(tadzinq) DSN(sys3.tadz.*.uiq.) ACCESS(ALL)
TSS PERMIT(syspaudt) DSN(sys3.tadz.*.um.) ACCESS(R)
TSS PERMIT(tadzmon) DSN(sys3.tadz.*.um.) ACCESS(R)
TSS PERMIT(tadzinq) DSN(sys3.tadz.*.um.) ACCESS(R)
TSS PERMIT(syspaudt) DSN(sys3.tadz.*.um.) ACCESS(ALL)
TSS PERMIT(tadzmon) DSN(sys3.tadz.*.um.) ACCESS(ALL)
TSS PERMIT(tadzinq) DSN(sys3.tadz.*.um.) ACCESS(ALL)   
</fixtext><fix id="F-27297r868761_fix" /><check system="C-27309r868760_chk"><check-content-ref href="zOS_TADz_for_TSS_STIG.xml" name="M" /><check-content>Refer to the following report produced by the Data Set and Resource Data Collection:

- SENSITVE.RPT(TADZSTC)

Automated Analysis
Refer to the following report produced by the Data Set and Resource Data Collection:

- PDI(ZTAD0001)

For all (TADz) STC and/or batch data sets:

If the UPDATE or greater access is restricted to systems programming personnel and the product STC(s) and/or batch job(s) this is not a finding.

If any job scheduling products are in use and access is restricted to READ this is not a finding.

If auditors have READ access this is not a finding.</check-content></check></Rule></Group><Group id="V-225610"><title>SRG-OS-000104</title><description>&lt;GroupDescription&gt;&lt;/GroupDescription&gt;</description><Rule id="SV-225610r472631_rule" weight="10.0" severity="medium"><version>ZTADT030</version><title>Tivoli Asset Discovery for z/OS (TADz) Started Task name(s) must be properly identified / defined to the system ACP.</title><description>&lt;VulnDiscussion&gt;Tivoli Asset Discovery for z/OS (TADz) requires a started task(s) that will be restricted to certain resources, datasets and other system functions. By defining the started task as a userid to the system Access Control Program (ACP), it allows the ACP to control the access and authorized users that require these capabilities. Failure to properly control these capabilities, could compromise of the operating system environment, ACP, and customer data.&lt;/VulnDiscussion&gt;&lt;FalsePositives&gt;&lt;/FalsePositives&gt;&lt;FalseNegatives&gt;&lt;/FalseNegatives&gt;&lt;Documentable&gt;false&lt;/Documentable&gt;&lt;Mitigations&gt;&lt;/Mitigations&gt;&lt;SeverityOverrideGuidance&gt;&lt;/SeverityOverrideGuidance&gt;&lt;PotentialImpacts&gt;&lt;/PotentialImpacts&gt;&lt;ThirdPartyTools&gt;&lt;/ThirdPartyTools&gt;&lt;MitigationControl&gt;&lt;/MitigationControl&gt;&lt;Responsibility&gt;&lt;/Responsibility&gt;&lt;IAControls&gt;&lt;/IAControls&gt;</description><reference><dc:title>DPMS Target zOS TADz for TSS</dc:title><dc:publisher>DISA</dc:publisher><dc:type>DPMS Target</dc:type><dc:subject>zOS TADz for TSS</dc:subject><dc:identifier>4208</dc:identifier></reference><ident system="http://cyber.mil/legacy">V-17452</ident><ident system="http://cyber.mil/legacy">SV-28555</ident><ident system="http://cyber.mil/cci">CCI-000764</ident><fixtext fixref="F-27298r472630_fix">The TADz Systems Programmer and ISSO will ensure that the started task(s) for TADz is properly defined.

Define the started task for TADz.

Example:

TSS CRE(TADZMON) DEPT(Dept) NAME('TADz STC') -
FAC(STC) PASSWORD(password,0) -
SOURCE(INTRDR)</fixtext><fix id="F-27298r472630_fix" /><check system="C-27310r472629_chk"><check-content-ref href="zOS_TADz_for_TSS_STIG.xml" name="M" /><check-content>Refer to the following reports produced by the TSS Data Collection:

-	TSSCMDS.RPT(@ACIDS)

Review each TADz STC/Batch ACID(s) for the following:

___	Is defined with Facility of STC and/or BATCH.

___	Is sourced to the INTRDR.

If all of the above are true, there is NO FINDING.

If any of the above is untrue, this is a FINDING.</check-content></check></Rule></Group><Group id="V-225611"><title>SRG-OS-000104</title><description>&lt;GroupDescription&gt;&lt;/GroupDescription&gt;</description><Rule id="SV-225611r472634_rule" weight="10.0" severity="medium"><version>ZTADT032</version><title>IBM Tivoli Asset Discovery for zOS (TADz) Started task(s) must be properly defined to the Started Task Table ACID for Top Secret.</title><description>&lt;VulnDiscussion&gt;Access to product resources should be restricted to only those individuals responsible for the application connectivity and who have a requirement to access these resources.  Improper control of product resources could potentially compromise the operating system, ACP, and customer data.&lt;/VulnDiscussion&gt;&lt;FalsePositives&gt;&lt;/FalsePositives&gt;&lt;FalseNegatives&gt;&lt;/FalseNegatives&gt;&lt;Documentable&gt;false&lt;/Documentable&gt;&lt;Mitigations&gt;&lt;/Mitigations&gt;&lt;SeverityOverrideGuidance&gt;&lt;/SeverityOverrideGuidance&gt;&lt;PotentialImpacts&gt;&lt;/PotentialImpacts&gt;&lt;ThirdPartyTools&gt;&lt;/ThirdPartyTools&gt;&lt;MitigationControl&gt;&lt;/MitigationControl&gt;&lt;Responsibility&gt;&lt;/Responsibility&gt;&lt;IAControls&gt;&lt;/IAControls&gt;</description><reference><dc:title>DPMS Target zOS TADz for TSS</dc:title><dc:publisher>DISA</dc:publisher><dc:type>DPMS Target</dc:type><dc:subject>zOS TADz for TSS</dc:subject><dc:identifier>4208</dc:identifier></reference><ident system="http://cyber.mil/legacy">SV-28562</ident><ident system="http://cyber.mil/legacy">V-17454</ident><ident system="http://cyber.mil/cci">CCI-000764</ident><fixtext fixref="F-27299r472633_fix">The IBM Tivoli Asset Discovery for zOS (TADz) system programmer and the IAO will ensure that a product's started task(s) is (are) properly identified and/or defined to the System ACP.  

A unique ACID must be assigned for the IBM Tivoli Asset Discovery for zOS (TADz) started task(s) thru a corresponding STC table entry.

The following sample set of commands is shown here as a guideline:

TSS ADD(STC) PROCNAME(TADZMON) ACID(TADZMON)</fixtext><fix id="F-27299r472633_fix" /><check system="C-27311r472632_chk"><check-content-ref href="zOS_TADz_for_TSS_STIG.xml" name="M" /><check-content>Refer to the following report produced by the TSS Data Collection:

-	TSSCMDS.RPT(#STC)

Automated Analysis
Refer to the following report produced by the TSS Data Collection:

-	PDI(ZTAD0032)

Verify that the IBM Tivoli Asset Discovery for zOS (TADz) started task(s) is (are) defined in the TSS STC record.</check-content></check></Rule></Group></Benchmark>