<?xml version="1.0" encoding="utf-8"?><?xml-stylesheet type='text/xsl' href='STIG_unclass.xsl'?><Benchmark xmlns:dc="http://purl.org/dc/elements/1.1/" xmlns:xsi="http://www.w3.org/2001/XMLSchema-instance" xmlns:cpe="http://cpe.mitre.org/language/2.0" xmlns:xhtml="http://www.w3.org/1999/xhtml" xmlns:dsig="http://www.w3.org/2000/09/xmldsig#" xsi:schemaLocation="http://checklists.nist.gov/xccdf/1.1 http://nvd.nist.gov/schema/xccdf-1.1.4.xsd http://cpe.mitre.org/dictionary/2.0 http://cpe.mitre.org/files/cpe-dictionary_2.1.xsd" id="zOS_CA_VTAPE_for_TSS_STIG" xml:lang="en" xmlns="http://checklists.nist.gov/xccdf/1.1"><status date="2022-10-10">accepted</status><title>z/OS CA VTAPE for TSS Security Technical Implementation Guide</title><description>This Security Technical Implementation Guide is published as a tool to improve the security of Department of Defense (DoD) information systems. The requirements are derived from the National Institute of Standards and Technology (NIST) 800-53 and related documents. Comments or proposed revisions to this document should be sent via email to the following address: disa.stig_spt@mail.mil.</description><notice id="terms-of-use" xml:lang="en"></notice><front-matter xml:lang="en"></front-matter><rear-matter xml:lang="en"></rear-matter><reference href="https://cyber.mil"><dc:publisher>DISA</dc:publisher><dc:source>STIG.DOD.MIL</dc:source></reference><plain-text id="release-info">Release: 5 Benchmark Date: 23 Nov 2022</plain-text><plain-text id="generator">3.4.0.34222</plain-text><plain-text id="conventionsVersion">1.10.0</plain-text><version>6</version><Profile id="MAC-1_Classified"><title>I - Mission Critical Classified</title><description>&lt;ProfileDescription&gt;&lt;/ProfileDescription&gt;</description><select idref="V-224632" selected="true" /><select idref="V-224633" selected="true" /><select idref="V-224634" selected="true" /><select idref="V-224635" selected="true" /></Profile><Profile id="MAC-1_Public"><title>I - Mission Critical Public</title><description>&lt;ProfileDescription&gt;&lt;/ProfileDescription&gt;</description><select idref="V-224632" selected="true" /><select idref="V-224633" selected="true" /><select idref="V-224634" selected="true" /><select idref="V-224635" selected="true" /></Profile><Profile id="MAC-1_Sensitive"><title>I - Mission Critical Sensitive</title><description>&lt;ProfileDescription&gt;&lt;/ProfileDescription&gt;</description><select idref="V-224632" selected="true" /><select idref="V-224633" selected="true" /><select idref="V-224634" selected="true" /><select idref="V-224635" selected="true" /></Profile><Profile id="MAC-2_Classified"><title>II - Mission Support Classified</title><description>&lt;ProfileDescription&gt;&lt;/ProfileDescription&gt;</description><select idref="V-224632" selected="true" /><select idref="V-224633" selected="true" /><select idref="V-224634" selected="true" /><select idref="V-224635" selected="true" /></Profile><Profile id="MAC-2_Public"><title>II - Mission Support Public</title><description>&lt;ProfileDescription&gt;&lt;/ProfileDescription&gt;</description><select idref="V-224632" selected="true" /><select idref="V-224633" selected="true" /><select idref="V-224634" selected="true" /><select idref="V-224635" selected="true" /></Profile><Profile id="MAC-2_Sensitive"><title>II - Mission Support Sensitive</title><description>&lt;ProfileDescription&gt;&lt;/ProfileDescription&gt;</description><select idref="V-224632" selected="true" /><select idref="V-224633" selected="true" /><select idref="V-224634" selected="true" /><select idref="V-224635" selected="true" /></Profile><Profile id="MAC-3_Classified"><title>III - Administrative Classified</title><description>&lt;ProfileDescription&gt;&lt;/ProfileDescription&gt;</description><select idref="V-224632" selected="true" /><select idref="V-224633" selected="true" /><select idref="V-224634" selected="true" /><select idref="V-224635" selected="true" /></Profile><Profile id="MAC-3_Public"><title>III - Administrative Public</title><description>&lt;ProfileDescription&gt;&lt;/ProfileDescription&gt;</description><select idref="V-224632" selected="true" /><select idref="V-224633" selected="true" /><select idref="V-224634" selected="true" /><select idref="V-224635" selected="true" /></Profile><Profile id="MAC-3_Sensitive"><title>III - Administrative Sensitive</title><description>&lt;ProfileDescription&gt;&lt;/ProfileDescription&gt;</description><select idref="V-224632" selected="true" /><select idref="V-224633" selected="true" /><select idref="V-224634" selected="true" /><select idref="V-224635" selected="true" /></Profile><Group id="V-224632"><title>SRG-OS-000080</title><description>&lt;GroupDescription&gt;&lt;/GroupDescription&gt;</description><Rule id="SV-224632r855132_rule" weight="10.0" severity="medium"><version>ZVTAT000</version><title>CA VTAPE installation data sets are not properly protected.</title><description>&lt;VulnDiscussion&gt;CA VTAPE installation data sets have the ability to use privileged functions and/or have access to sensitive data. Failure to properly restrict access to these data sets could result in violating the integrity of the base product which could result in compromising the operating system or sensitive data.&lt;/VulnDiscussion&gt;&lt;FalsePositives&gt;&lt;/FalsePositives&gt;&lt;FalseNegatives&gt;&lt;/FalseNegatives&gt;&lt;Documentable&gt;false&lt;/Documentable&gt;&lt;Mitigations&gt;&lt;/Mitigations&gt;&lt;SeverityOverrideGuidance&gt;&lt;/SeverityOverrideGuidance&gt;&lt;PotentialImpacts&gt;&lt;/PotentialImpacts&gt;&lt;ThirdPartyTools&gt;&lt;/ThirdPartyTools&gt;&lt;MitigationControl&gt;&lt;/MitigationControl&gt;&lt;Responsibility&gt;&lt;/Responsibility&gt;&lt;IAControls&gt;&lt;/IAControls&gt;</description><reference><dc:title>DPMS Target zOS CA VTAPE for TSS</dc:title><dc:publisher>DISA</dc:publisher><dc:type>DPMS Target</dc:type><dc:subject>zOS CA VTAPE for TSS</dc:subject><dc:identifier>4178</dc:identifier></reference><ident system="http://cyber.mil/legacy">V-16932</ident><ident system="http://cyber.mil/legacy">SV-33826</ident><ident system="http://cyber.mil/cci">CCI-000213</ident><ident system="http://cyber.mil/cci">CCI-002234</ident><fixtext fixref="F-26303r519687_fix">The IAO will ensure that update and allocate access to CA VTAPE installation data sets is limited to System Programmers only, and all update and allocate access is logged.  Read access can be given to all authorized users.

The installing Systems Programmer will identify and document the product data sets and categorize them according to who will have update and alter access and if required that all update and allocate access is logged. He will identify if any additional groups have update and/or alter access for specific data sets, and once documented he will work with the IAO to see that they are properly restricted to the ACP (Access Control Program) active on the system.

Data sets to be protected will be: 
SYS2.VTAPE.
SYS3.VTAPE. (data sets that are not altered by product STCs, can be more specific)

The following commands are provided as a sample for implementing data set controls:

TSS PERMIT(&lt;syspaudt&gt;) DSN(SYS2.VTAPE.) ACCESS(R)
TSS PERMIT(&lt;syspaudt&gt;) DSN(SYS2.VTAPE.) ACCESS(ALL) ACTION(AUDIT)
TSS PERMIT(&lt;tstcaudt&gt;) DSN(SYS2.VTAPE.) ACCESS(R)
TSS PERMIT(&lt;tstcaudt&gt;) DSN(SYS2.VTAPE.) ACCESS(ALL) ACTION(AUDIT)
TSS PERMIT(&lt;audtaudt&gt;) DSN(SYS2.VTAPE.) ACCESS(R)
TSS PERMIT(authorized users) DSN(SYS2.VTAPE.) ACCESS(R)
TSS PERMIT(VTAPE STCs) DSN(SYS2.VTAPE.) ACCESS(R)
TSS PERMIT(&lt;syspaudt&gt;) DSN(SYS3.VTAPE.) ACCESS(R)
TSS PERMIT(&lt;syspaudt&gt;) DSN(SYS3.VTAPE.) ACCESS(ALL) ACTION(AUDIT)
TSS PERMIT(&lt;tstcaudt&gt;) DSN(SYS3.VTAPE.) ACCESS(R)
TSS PERMIT(&lt;tstcaudt&gt;) DSN(SYS3.VTAPE.) ACCESS(ALL) ACTION(AUDIT)
TSS PERMIT(&lt;audtaudt&gt;) DSN(SYS3.VTAPE.) ACCESS(R)
TSS PERMIT(authorized users) DSN(SYS3.VTAPE.) ACCESS(R)
TSS PERMIT(VTAPE STCs) DSN(SYS3.VTAPE.) ACCESS(R)</fixtext><fix id="F-26303r519687_fix" /><check system="C-26315r519686_chk"><check-content-ref href="zOS_CA_VTAPE_for_TSS_STIG.xml" name="M" /><check-content>Refer to the following report produced by the Data Set and Resource Data Collection:

-	SENSITVE.RPT(VTARPT)

Automated Analysis
Refer to the following report produced by the Data Set and Resource Data Collection:

-	PDI(ZVTA0000)

Verify that the accesses to the CA VTAPE installation data sets are properly restricted.
 
___	The TSS data set rules for the data sets restricts READ access to all authorized users.

___	The TSS data set rules for the data sets restricts UPDATE and/or ALL access to systems programming personnel.

___	The TSS data set rules for the data sets specify that all (i.e., failures and successes) UPDATE and/or ALL access are logged.</check-content></check></Rule></Group><Group id="V-224633"><title>SRG-OS-000259</title><description>&lt;GroupDescription&gt;&lt;/GroupDescription&gt;</description><Rule id="SV-224633r868765_rule" weight="10.0" severity="medium"><version>ZVTAT001</version><title>CA VTAPE STC data sets will be properly protected.</title><description>&lt;VulnDiscussion&gt;CA VTAPE STC data sets have the ability to use privileged functions and/or have access to sensitive data. Failure to properly restrict access to these data sets could result in violating the integrity of the base product which could result in compromising the operating system or sensitive data.&lt;/VulnDiscussion&gt;&lt;FalsePositives&gt;&lt;/FalsePositives&gt;&lt;FalseNegatives&gt;&lt;/FalseNegatives&gt;&lt;Documentable&gt;false&lt;/Documentable&gt;&lt;Mitigations&gt;&lt;/Mitigations&gt;&lt;SeverityOverrideGuidance&gt;&lt;/SeverityOverrideGuidance&gt;&lt;PotentialImpacts&gt;&lt;/PotentialImpacts&gt;&lt;ThirdPartyTools&gt;&lt;/ThirdPartyTools&gt;&lt;MitigationControl&gt;&lt;/MitigationControl&gt;&lt;Responsibility&gt;&lt;/Responsibility&gt;&lt;IAControls&gt;&lt;/IAControls&gt;</description><reference><dc:title>DPMS Target zOS CA VTAPE for TSS</dc:title><dc:publisher>DISA</dc:publisher><dc:type>DPMS Target</dc:type><dc:subject>zOS CA VTAPE for TSS</dc:subject><dc:identifier>4178</dc:identifier></reference><ident system="http://cyber.mil/legacy">V-17067</ident><ident system="http://cyber.mil/legacy">SV-33829</ident><ident system="http://cyber.mil/cci">CCI-001499</ident><fixtext fixref="F-26304r868764_fix">The ISSO will ensure that WRITE and/or greater access to CA VTAPE STC data sets is limited to systems programmers, Tape Management personnel and/or CA VTAPE's STC(s) and/or batch user(s) only. Read access can be given to auditors and authorized users.

The installing systems programmer will identify and document the product data sets and categorize them according to who will have update and alter access and if required that all update and allocate access is logged. The installing systems programmer will identify if any additional groups have update and/or alter access for specific data sets, and once documented will work with the ISSO to ensure they are properly restricted to the ACP (Access Control Program) active on the system.

Data sets to be protected will be: 
SYS3.VTAPE (data sets that are altered by the product's STCs, this can be more specific)

The following commands are provided as a sample for implementing data set controls:

TSS PERMIT(&lt;syspaudt&gt;) DSN(SYS3.VTAPE) ACCESS(ALL)
TSS PERMIT(&lt;tapeaudt&gt;) DSN(SYS3.VTAPE) ACCESS(ALL)
TSS PERMIT(&lt;tstcaudt&gt;) DSN(SYS3.VTAPE) ACCESS(ALL)
TSS PERMIT(VTAPE STCs) DSN(SYS3.VTAPE) ACCESS(ALL)
TSS PERMIT(&lt;audtaudt&gt;) DSN(SYS3.VTAPE) ACCESS(R)
TSS PERMIT(authorize user) DSN(SYS3.VTAPE) ACCESS(R)</fixtext><fix id="F-26304r868764_fix" /><check system="C-26316r868763_chk"><check-content-ref href="zOS_CA_VTAPE_for_TSS_STIG.xml" name="M" /><check-content>Refer to the following report produced by the Data Set and Resource Data Collection:

- SENSITVE.RPT(VTASTC)

Automated Analysis
Refer to the following report produced by the Data Set and Resource Data Collection:

- PDI(ZVTA0001)

Verify that the accesses to the CA VTAPE STC data sets are properly restricted. If the following guidance is true, this is not a finding.
 
___ The TSS data set rules for the data sets restricts READ access to auditors and authorized users.

___ The TSS data set rules for the data sets restricts WRITE and/or greater access to systems programming personnel and Tape Management personnel.

___ The TSS data set rules for the data sets restricts WRITE and/or greater access to the CA VTAPE's STC(s) and/or batch user(s).</check-content></check></Rule></Group><Group id="V-224634"><title>SRG-OS-000104</title><description>&lt;GroupDescription&gt;&lt;/GroupDescription&gt;</description><Rule id="SV-224634r519694_rule" weight="10.0" severity="medium"><version>ZVTAT030</version><title>CA VTAPE Started Task name is not properly identified/defined to the system ACP.</title><description>&lt;VulnDiscussion&gt;CA VTAPE requires a started task that will be restricted to certain resources, datasets and other system functions. By defining the started task as a userid to the system ACP, It allows the ACP to control the access and authorized users that require these capabilities. Failure to properly control these capabilities, could compromise of the operating system environment, ACP, and customer data.&lt;/VulnDiscussion&gt;&lt;FalsePositives&gt;&lt;/FalsePositives&gt;&lt;FalseNegatives&gt;&lt;/FalseNegatives&gt;&lt;Documentable&gt;false&lt;/Documentable&gt;&lt;Mitigations&gt;&lt;/Mitigations&gt;&lt;SeverityOverrideGuidance&gt;&lt;/SeverityOverrideGuidance&gt;&lt;PotentialImpacts&gt;&lt;/PotentialImpacts&gt;&lt;ThirdPartyTools&gt;&lt;/ThirdPartyTools&gt;&lt;MitigationControl&gt;&lt;/MitigationControl&gt;&lt;Responsibility&gt;&lt;/Responsibility&gt;&lt;IAControls&gt;&lt;/IAControls&gt;</description><reference><dc:title>DPMS Target zOS CA VTAPE for TSS</dc:title><dc:publisher>DISA</dc:publisher><dc:type>DPMS Target</dc:type><dc:subject>zOS CA VTAPE for TSS</dc:subject><dc:identifier>4178</dc:identifier></reference><ident system="http://cyber.mil/legacy">V-17452</ident><ident system="http://cyber.mil/legacy">SV-33832</ident><ident system="http://cyber.mil/cci">CCI-000764</ident><fixtext fixref="F-26305r519693_fix">The CA VTAPE system programmer and the IAO will ensure that a product's Started Task(s) is properly identified/defined to the System ACP. 

If the product requires a Started Task, verify that it is properly defined to the System ACP with the proper attributes.

Most installation manuals will indicate how the Started Task is identified and any additional attributes that must be specified.

A sample is provided here:

TSS CREATE(SVTS) TYPE(USER) -
	NAME('CA VTAPE') DEPT(xxxx) - 
 	FAC(STC) -
	PASS(xxxxxxxx,0) -
	SOURCE(INTRDR) NOSUSPEND
TSS CREATE(SVTSAS) TYPE(USER) -
	NAME('CA VTAPE') DEPT(xxxx) - 
 	FAC(STC) -
	PASS(xxxxxxxx,0) -
	SOURCE(INTRDR) NOSUSPEND</fixtext><fix id="F-26305r519693_fix" /><check system="C-26317r519692_chk"><check-content-ref href="zOS_CA_VTAPE_for_TSS_STIG.xml" name="M" /><check-content>Refer to the following report produced by the TSS Data Collection:

-	TSSCMDS.RPT(@ACIDS)

Review each CA VTAPE STC/Batch ACID(s) for the following:

___	Defined with Facility of STC and/or BATCH for SVTS and SVTAS.

___	Is sourced to the INTRDR.</check-content></check></Rule></Group><Group id="V-224635"><title>SRG-OS-000104</title><description>&lt;GroupDescription&gt;&lt;/GroupDescription&gt;</description><Rule id="SV-224635r519697_rule" weight="10.0" severity="medium"><version>ZVTAT032</version><title>CA VTAPE Started task(s) must be properly defined to the Started Task Table ACID for Top Secret.</title><description>&lt;VulnDiscussion&gt;Access to product resources should be restricted to only those individuals responsible for the application connectivity and who have a requirement to access these resources.  Improper control of product resources could potentially compromise the operating system, ACP, and customer data.&lt;/VulnDiscussion&gt;&lt;FalsePositives&gt;&lt;/FalsePositives&gt;&lt;FalseNegatives&gt;&lt;/FalseNegatives&gt;&lt;Documentable&gt;false&lt;/Documentable&gt;&lt;Mitigations&gt;&lt;/Mitigations&gt;&lt;SeverityOverrideGuidance&gt;&lt;/SeverityOverrideGuidance&gt;&lt;PotentialImpacts&gt;&lt;/PotentialImpacts&gt;&lt;ThirdPartyTools&gt;&lt;/ThirdPartyTools&gt;&lt;MitigationControl&gt;&lt;/MitigationControl&gt;&lt;Responsibility&gt;&lt;/Responsibility&gt;&lt;IAControls&gt;&lt;/IAControls&gt;</description><reference><dc:title>DPMS Target zOS CA VTAPE for TSS</dc:title><dc:publisher>DISA</dc:publisher><dc:type>DPMS Target</dc:type><dc:subject>zOS CA VTAPE for TSS</dc:subject><dc:identifier>4178</dc:identifier></reference><ident system="http://cyber.mil/legacy">V-17454</ident><ident system="http://cyber.mil/legacy">SV-33834</ident><ident system="http://cyber.mil/cci">CCI-000764</ident><fixtext fixref="F-26306r519696_fix">The CA VTAPE system programmer and the IAO will ensure that a product's started task(s) is (are) properly identified and/or defined to the System ACP. 

A unique ACID must be assigned for the CA VTAPE started task(s) thru a corresponding STC table entry.

The following sample set of commands is shown here as a guideline:

TSS ADD(STC) PROCNAME(CVTS) ACID(CVTS)
TSS ADD(STC) PROCNAME(CVTSAS) ACID(CVTSAS)</fixtext><fix id="F-26306r519696_fix" /><check system="C-26318r519695_chk"><check-content-ref href="zOS_CA_VTAPE_for_TSS_STIG.xml" name="M" /><check-content>Refer to the following report produced by the TSS Data Collection:

-	TSSCMDS.RPT(#STC)

Automated Analysis
Refer to the following report produced by the TSS Data Collection:

-	PDI(ZVTA0032)

Verify that the CA VTAPE started task(s) is (are) defined in the TSS STC record.</check-content></check></Rule></Group></Benchmark>