<?xml version="1.0" encoding="utf-8"?><?xml-stylesheet type='text/xsl' href='STIG_unclass.xsl'?><Benchmark xmlns:dc="http://purl.org/dc/elements/1.1/" xmlns:xsi="http://www.w3.org/2001/XMLSchema-instance" xmlns:cpe="http://cpe.mitre.org/language/2.0" xmlns:xhtml="http://www.w3.org/1999/xhtml" xmlns:dsig="http://www.w3.org/2000/09/xmldsig#" xsi:schemaLocation="http://checklists.nist.gov/xccdf/1.1 http://nvd.nist.gov/schema/xccdf-1.1.4.xsd http://cpe.mitre.org/dictionary/2.0 http://cpe.mitre.org/files/cpe-dictionary_2.1.xsd" id="zOS_BMC_IOA_for_TSS_STIG" xml:lang="en" xmlns="http://checklists.nist.gov/xccdf/1.1"><status date="2022-10-10">accepted</status><title>z/OS BMC IOA for TSS Security Technical Implementation Guide</title><description>This Security Technical Implementation Guide is published as a tool to improve the security of Department of Defense (DoD) information systems. The requirements are derived from the National Institute of Standards and Technology (NIST) 800-53 and related documents. Comments or proposed revisions to this document should be sent via email to the following address: disa.stig_spt@mail.mil.</description><notice id="terms-of-use" xml:lang="en"></notice><front-matter xml:lang="en"></front-matter><rear-matter xml:lang="en"></rear-matter><reference href="https://cyber.mil"><dc:publisher>DISA</dc:publisher><dc:source>STIG.DOD.MIL</dc:source></reference><plain-text id="release-info">Release: 8 Benchmark Date: 23 Nov 2022</plain-text><plain-text id="generator">3.4.0.34222</plain-text><plain-text id="conventionsVersion">1.10.0</plain-text><version>6</version><Profile id="MAC-1_Classified"><title>I - Mission Critical Classified</title><description>&lt;ProfileDescription&gt;&lt;/ProfileDescription&gt;</description><select idref="V-224598" selected="true" /><select idref="V-224599" selected="true" /><select idref="V-224600" selected="true" /><select idref="V-224601" selected="true" /><select idref="V-224602" selected="true" /><select idref="V-224603" selected="true" /><select idref="V-224604" selected="true" /><select idref="V-224605" selected="true" /><select idref="V-224606" selected="true" /></Profile><Profile id="MAC-1_Public"><title>I - Mission Critical Public</title><description>&lt;ProfileDescription&gt;&lt;/ProfileDescription&gt;</description><select idref="V-224598" selected="true" /><select idref="V-224599" selected="true" /><select idref="V-224600" selected="true" /><select idref="V-224601" selected="true" /><select idref="V-224602" selected="true" /><select idref="V-224603" selected="true" /><select idref="V-224604" selected="true" /><select idref="V-224605" selected="true" /><select idref="V-224606" selected="true" /></Profile><Profile id="MAC-1_Sensitive"><title>I - Mission Critical Sensitive</title><description>&lt;ProfileDescription&gt;&lt;/ProfileDescription&gt;</description><select idref="V-224598" selected="true" /><select idref="V-224599" selected="true" /><select idref="V-224600" selected="true" /><select idref="V-224601" selected="true" /><select idref="V-224602" selected="true" /><select idref="V-224603" selected="true" /><select idref="V-224604" selected="true" /><select idref="V-224605" selected="true" /><select idref="V-224606" selected="true" /></Profile><Profile id="MAC-2_Classified"><title>II - Mission Support Classified</title><description>&lt;ProfileDescription&gt;&lt;/ProfileDescription&gt;</description><select idref="V-224598" selected="true" /><select idref="V-224599" selected="true" /><select idref="V-224600" selected="true" /><select idref="V-224601" selected="true" /><select idref="V-224602" selected="true" /><select idref="V-224603" selected="true" /><select idref="V-224604" selected="true" /><select idref="V-224605" selected="true" /><select idref="V-224606" selected="true" /></Profile><Profile id="MAC-2_Public"><title>II - Mission Support Public</title><description>&lt;ProfileDescription&gt;&lt;/ProfileDescription&gt;</description><select idref="V-224598" selected="true" /><select idref="V-224599" selected="true" /><select idref="V-224600" selected="true" /><select idref="V-224601" selected="true" /><select idref="V-224602" selected="true" /><select idref="V-224603" selected="true" /><select idref="V-224604" selected="true" /><select idref="V-224605" selected="true" /><select idref="V-224606" selected="true" /></Profile><Profile id="MAC-2_Sensitive"><title>II - Mission Support Sensitive</title><description>&lt;ProfileDescription&gt;&lt;/ProfileDescription&gt;</description><select idref="V-224598" selected="true" /><select idref="V-224599" selected="true" /><select idref="V-224600" selected="true" /><select idref="V-224601" selected="true" /><select idref="V-224602" selected="true" /><select idref="V-224603" selected="true" /><select idref="V-224604" selected="true" /><select idref="V-224605" selected="true" /><select idref="V-224606" selected="true" /></Profile><Profile id="MAC-3_Classified"><title>III - Administrative Classified</title><description>&lt;ProfileDescription&gt;&lt;/ProfileDescription&gt;</description><select idref="V-224598" selected="true" /><select idref="V-224599" selected="true" /><select idref="V-224600" selected="true" /><select idref="V-224601" selected="true" /><select idref="V-224602" selected="true" /><select idref="V-224603" selected="true" /><select idref="V-224604" selected="true" /><select idref="V-224605" selected="true" /><select idref="V-224606" selected="true" /></Profile><Profile id="MAC-3_Public"><title>III - Administrative Public</title><description>&lt;ProfileDescription&gt;&lt;/ProfileDescription&gt;</description><select idref="V-224598" selected="true" /><select idref="V-224599" selected="true" /><select idref="V-224600" selected="true" /><select idref="V-224601" selected="true" /><select idref="V-224602" selected="true" /><select idref="V-224603" selected="true" /><select idref="V-224604" selected="true" /><select idref="V-224605" selected="true" /><select idref="V-224606" selected="true" /></Profile><Profile id="MAC-3_Sensitive"><title>III - Administrative Sensitive</title><description>&lt;ProfileDescription&gt;&lt;/ProfileDescription&gt;</description><select idref="V-224598" selected="true" /><select idref="V-224599" selected="true" /><select idref="V-224600" selected="true" /><select idref="V-224601" selected="true" /><select idref="V-224602" selected="true" /><select idref="V-224603" selected="true" /><select idref="V-224604" selected="true" /><select idref="V-224605" selected="true" /><select idref="V-224606" selected="true" /></Profile><Group id="V-224598"><title>SRG-OS-000018</title><description>&lt;GroupDescription&gt;&lt;/GroupDescription&gt;</description><Rule id="SV-224598r518934_rule" weight="10.0" severity="medium"><version>ZIOA0060</version><title>BMC IOA security exits are not installed or configured properly.</title><description>&lt;VulnDiscussion&gt;The BMC IOA security exits enable access authorization checking to BMC IOA commands, features, and online functionality.  If these exit(s) is (are) not in place, activities by unauthorized users may result.  BMC IOA security exit(s) interface with the ACP.  If an unauthorized exit was introduced into the operating environment, system security could be weakened or bypassed.  These exposures may result in the compromise of the operating system environment, ACP, and customer data.&lt;/VulnDiscussion&gt;&lt;FalsePositives&gt;&lt;/FalsePositives&gt;&lt;FalseNegatives&gt;&lt;/FalseNegatives&gt;&lt;Documentable&gt;false&lt;/Documentable&gt;&lt;Mitigations&gt;&lt;/Mitigations&gt;&lt;SeverityOverrideGuidance&gt;&lt;/SeverityOverrideGuidance&gt;&lt;PotentialImpacts&gt;&lt;/PotentialImpacts&gt;&lt;ThirdPartyTools&gt;&lt;/ThirdPartyTools&gt;&lt;MitigationControl&gt;&lt;/MitigationControl&gt;&lt;Responsibility&gt;&lt;/Responsibility&gt;&lt;IAControls&gt;&lt;/IAControls&gt;</description><reference><dc:title>DPMS Target zOS BMC IOA for TSS</dc:title><dc:publisher>DISA</dc:publisher><dc:type>DPMS Target</dc:type><dc:subject>zOS BMC IOA for TSS</dc:subject><dc:identifier>4172</dc:identifier></reference><ident system="http://cyber.mil/legacy">SV-32018</ident><ident system="http://cyber.mil/legacy">V-17985</ident><ident system="http://cyber.mil/cci">CCI-000035</ident><fixtext fixref="F-26269r518933_fix">The System programmer responsible for the BMC IOA will review the BMC IOA operating environment.  Ensure that the following security exit(s) is (are) installed properly.  Determine if the site has modified the following security exit(s):

IOASE06
IOASE07
IOASE09
IOASE12
IOASE16
IOASE32
IOASE40
IOASE42

Ensure that the security exit(s) has (have) not been modified.

If the security exit(s) has (have) been modified, ensure the security exit(s) has (have) been checked as to not violate any security integrity within the system and approval documentation is on file.</fixtext><fix id="F-26269r518933_fix" /><check system="C-26281r518932_chk"><check-content-ref href="zOS_BMC_IOA_for_TSS_STIG.xml" name="M" /><check-content>Interview the systems programmer responsible for the BMC IOA.  Determine if the site has modified the following security exit(s):

IOASE06
IOASE07
IOASE09
IOASE12
IOASE16
IOASE32
IOASE40
IOASE42

Ensure the above security exit(s) has (have) not been modified.

If the above security exit(s) has (have) been modified, ensure that the security exit(s) has (have) been approved by the site systems programmer and the approval is on file for examination.</check-content></check></Rule></Group><Group id="V-224599"><title>SRG-OS-000080</title><description>&lt;GroupDescription&gt;&lt;/GroupDescription&gt;</description><Rule id="SV-224599r868702_rule" weight="10.0" severity="medium"><version>ZIOAT000</version><title>BMC IOA installation data sets will be properly protected.</title><description>&lt;VulnDiscussion&gt;BMC IOA installation data sets have the ability to use privileged functions and/or have access to sensitive data. Failure to properly restrict access to these data sets could result in violating the integrity of the base product which could result in compromising the operating system or sensitive data.&lt;/VulnDiscussion&gt;&lt;FalsePositives&gt;&lt;/FalsePositives&gt;&lt;FalseNegatives&gt;&lt;/FalseNegatives&gt;&lt;Documentable&gt;false&lt;/Documentable&gt;&lt;Mitigations&gt;&lt;/Mitigations&gt;&lt;SeverityOverrideGuidance&gt;&lt;/SeverityOverrideGuidance&gt;&lt;PotentialImpacts&gt;&lt;/PotentialImpacts&gt;&lt;ThirdPartyTools&gt;&lt;/ThirdPartyTools&gt;&lt;MitigationControl&gt;&lt;/MitigationControl&gt;&lt;Responsibility&gt;&lt;/Responsibility&gt;&lt;IAControls&gt;&lt;/IAControls&gt;</description><reference><dc:title>DPMS Target zOS BMC IOA for TSS</dc:title><dc:publisher>DISA</dc:publisher><dc:type>DPMS Target</dc:type><dc:subject>zOS BMC IOA for TSS</dc:subject><dc:identifier>4172</dc:identifier></reference><ident system="http://cyber.mil/legacy">V-16932</ident><ident system="http://cyber.mil/legacy">SV-31826</ident><ident system="http://cyber.mil/cci">CCI-000213</ident><ident system="http://cyber.mil/cci">CCI-002234</ident><fixtext fixref="F-26270r868701_fix">The ISSO will ensure that WRITE and/or greater access to BMC IOA installation data sets are limited to systems programmers only. READ access can be given to auditors, BMC users, operations, production control and scheduling personnel, and BMC STCs and/or batch users. All failures and successful WRITE and/or greater accesses are logged.

The installing systems programmer will identify and document the product data sets and categorize them according to who will have update and alter access and if required that all update and allocate access is logged. The installing systems programmer will identify if any additional groups have update and/or alter access for specific data sets, and once documented will work with the ISSO to ensure they are properly restricted to the ACP (Access Control Program) active on the system.

(Note: The data sets and/or data set prefixes identified below are examples of a possible installation. The actual data sets and/or prefixes are determined when the product is actually installed on a system through the product's installation guide and can be site specific.)

Data sets to be protected will be: 
SYS2.IOA.*.IOAI.

The following commands are provided as a sample for implementing data set controls: 

TSS PERMIT(&lt;syspaudt&gt;) DSN(SYS2.IOA.*.IOAI.) ACCESS(ALL) ACTION(AUDIT)
TSS PERMIT(&lt;syspaudt&gt;) DSN(SYS2.IOA.*.IOAI.) ACCESS(READ)
TSS PERMIT(&lt;audtaudt&gt;) DSN(SYS2.IOA.*.IOAI.) ACCESS(READ) 
TSS PERMIT(&lt;bmcuser&gt;) DSN(SYS2.IOA.*.IOAI.) ACCESS(READ)
TSS PERMIT(&lt;operaudt&gt;) DSN(SYS2.IOA.*.IOAI.) ACCESS(READ) 
TSS PERMIT(&lt;pcspaudt&gt;) DSN(SYS2.IOA.*.IOAI.) ACCESS(READ) 
TSS PERMIT(BMC STCs) DSN(SYS2.IOA.*.IOAI.) ACCESS(READ)</fixtext><fix id="F-26270r868701_fix" /><check system="C-26282r868700_chk"><check-content-ref href="zOS_BMC_IOA_for_TSS_STIG.xml" name="M" /><check-content>Refer to the following report produced by the Data Set and Resource Data Collection:

- SENSITVE.RPT(IOARPT)

Automated Analysis
Refer to the following report produced by the Data Set and Resource Data Collection:

- PDI(ZIOA0000)

Verify that the accesses to the BMC IOA installation data sets are properly restricted. If the following guidance is true, this is not a finding.
 
___ The TSS data set access authorizations restrict READ access to auditors, BMC users, operations, production control and scheduling personnel, and BMC STCs and/or batch users.

___ The TSS data set access authorizations restrict WRITE and/or greater access to systems programming personnel.

___ The TSS data set access authorizations specify that all (i.e., failures and successes) WRITE and/or greater access are logged.</check-content></check></Rule></Group><Group id="V-224600"><title>SRG-OS-000259</title><description>&lt;GroupDescription&gt;&lt;/GroupDescription&gt;</description><Rule id="SV-224600r868705_rule" weight="10.0" severity="medium"><version>ZIOAT001</version><title>BMC IOA STC data sets must be properly protected.</title><description>&lt;VulnDiscussion&gt;BMC IOA STC data sets have the ability to use privileged functions and/or have access to sensitive data. Failure to properly restrict access to these data sets could result in violating the integrity of the base product which could result in compromising the operating system or sensitive data.&lt;/VulnDiscussion&gt;&lt;FalsePositives&gt;&lt;/FalsePositives&gt;&lt;FalseNegatives&gt;&lt;/FalseNegatives&gt;&lt;Documentable&gt;false&lt;/Documentable&gt;&lt;Mitigations&gt;&lt;/Mitigations&gt;&lt;SeverityOverrideGuidance&gt;&lt;/SeverityOverrideGuidance&gt;&lt;PotentialImpacts&gt;&lt;/PotentialImpacts&gt;&lt;ThirdPartyTools&gt;&lt;/ThirdPartyTools&gt;&lt;MitigationControl&gt;&lt;/MitigationControl&gt;&lt;Responsibility&gt;&lt;/Responsibility&gt;&lt;IAControls&gt;&lt;/IAControls&gt;</description><reference><dc:title>DPMS Target zOS BMC IOA for TSS</dc:title><dc:publisher>DISA</dc:publisher><dc:type>DPMS Target</dc:type><dc:subject>zOS BMC IOA for TSS</dc:subject><dc:identifier>4172</dc:identifier></reference><ident system="http://cyber.mil/legacy">V-17067</ident><ident system="http://cyber.mil/legacy">SV-31948</ident><ident system="http://cyber.mil/cci">CCI-001499</ident><fixtext fixref="F-26271r868704_fix">Ensure that WRITE and/or greater access to BMC IOA STC data sets are limited to systems programmers only. UPDATE access can be given to BMC STCs, batch users and BMC administrators. READ access can be given to auditors and BMC users.

The installing Systems Programmer will identify and document the product data sets and categorize them according to who will have update and alter access and, if required, that all update and allocate access is logged.

The installing Systems Programmer will identify if any additional groups have update and/or alter access for specific data sets, and once documented he will work with the ISSO to see that they are properly restricted to the ACP (Access Control Program) active on the system.

(Note: The data sets and/or data set prefixes identified below are examples of a possible installation. The actual data sets and/or prefixes are determined when the product is actually installed on a system through the product's installation guide and can be site specific.)

Data sets to be protected will be: 
SYS3.IOA.*.IOAO.

The following commands are provided as a sample for implementing data set controls: 

TSS PERMIT(&lt;syspaudt&gt;) DSN(SYS3.IOA.*.IOAO.) ACCESS(ALL)
TSS PERMIT(&lt;tstcaudt&gt;) DSN(SYS3.IOA.*.IOAO.) ACCESS(ALL)
TSS PERMIT(BMC STCs) DSN(SYS3.IOA.*.IOAO.) ACCESS(U)
TSS PERMIT(&lt;bmcadmin&gt;) DSN(SYS3.IOA.*.IOAO.) ACCESS(U)
TSS PERMIT(&lt;audtaudt&gt;) DSN(SYS3.IOA.*.IOAO.) ACCESS(R)   
TSS PERMIT(&lt;bmcuser&gt;) DSN(SYS3.IOA.*.IOAO.) ACCESS(R)  
</fixtext><fix id="F-26271r868704_fix" /><check system="C-26283r868703_chk"><check-content-ref href="zOS_BMC_IOA_for_TSS_STIG.xml" name="M" /><check-content>Refer to the following report produced by the Data Set and Resource Data Collection:

- SENSITVE.RPT(IOASTC)

Automated Analysis
Refer to the following report produced by the Data Set and Resource Data Collection:

- PDI(ZIOA0001) 
Verify that the accesses to the BMC IOA STC data sets are properly restricted. If the following guidance is true, this is not a finding.

___ The TSS data set access authorizations restrict READ access to auditors and BMC users.

___ The TSS data set access authorizations restrict WRITE and/or greater access to systems programming personnel.

___ The TSS data set access authorizations restrict UPDATE access to the BMC STCs, batch users and BMC administrators.</check-content></check></Rule></Group><Group id="V-224601"><title>SRG-OS-000080</title><description>&lt;GroupDescription&gt;&lt;/GroupDescription&gt;</description><Rule id="SV-224601r868708_rule" weight="10.0" severity="medium"><version>ZIOAT002</version><title>BMC IOA User data sets will be properly protected.</title><description>&lt;VulnDiscussion&gt;BMC IOA User data sets, IOA Core and Repository, have the ability to use privileged functions and/or have access to sensitive data. Failure to properly restrict access to these data sets could result in violating the integrity of the base product which could result in compromising the operating system or sensitive data.&lt;/VulnDiscussion&gt;&lt;FalsePositives&gt;&lt;/FalsePositives&gt;&lt;FalseNegatives&gt;&lt;/FalseNegatives&gt;&lt;Documentable&gt;false&lt;/Documentable&gt;&lt;Mitigations&gt;&lt;/Mitigations&gt;&lt;SeverityOverrideGuidance&gt;&lt;/SeverityOverrideGuidance&gt;&lt;PotentialImpacts&gt;&lt;/PotentialImpacts&gt;&lt;ThirdPartyTools&gt;&lt;/ThirdPartyTools&gt;&lt;MitigationControl&gt;&lt;/MitigationControl&gt;&lt;Responsibility&gt;&lt;/Responsibility&gt;&lt;IAControls&gt;&lt;/IAControls&gt;</description><reference><dc:title>DPMS Target zOS BMC IOA for TSS</dc:title><dc:publisher>DISA</dc:publisher><dc:type>DPMS Target</dc:type><dc:subject>zOS BMC IOA for TSS</dc:subject><dc:identifier>4172</dc:identifier></reference><ident system="http://cyber.mil/legacy">SV-32154</ident><ident system="http://cyber.mil/legacy">V-21592</ident><ident system="http://cyber.mil/cci">CCI-000213</ident><fixtext fixref="F-26272r868707_fix">The ISSO will ensure that WRITE and/or greater access to BMC IOA User data sets are limited to systems programmers and/or BMC STCs and/or batch users only. UPDATE access can be given to production control and scheduling personnel and the BMC users. READ access can be given to auditors.

The installing systems programmer will identify and document the product data sets and categorize them according to who will have update and alter access and if required that all update and allocate access is logged. The installing systems programmer will identify if any additional groups have update and/or alter access for specific data sets, and once documented will work with the ISSO to ensure they are properly restricted to the ACP (Access Control Program) active on the system.

(Note: The data sets and/or data set prefixes identified below are examples of a possible installation. The actual data sets and/or prefixes are determined when the product is actually installed on a system through the product's installation guide and can be site specific.)

Data sets to be protected will be: 
SYS3.IOA.*.IOAC.

The following commands are provided as a sample for implementing data set controls: 

TSS PERMIT(&lt;syspaudt&gt;) DSN(SYS3.IOA.*.IOAC.) ACCESS(ALL)
TSS PERMIT(&lt;tstcaudt&gt;) DSN(SYS3.IOA.*.IOAC.) ACCESS(ALL)
TSS PERMIT(BMC STCs) DSN(SYS3.IOA.*.IOAC.) ACCESS(ALL)
TSS PERMIT(&lt;bmcuser&gt;) DSN(SYS3.IOA.*.IOAC.) ACCESS(U)
TSS PERMIT(&lt;pcspaudt&gt;) DSN(SYS3.IOA.*.IOAC.) ACCESS(U) 
TSS PERMIT(&lt;audtaudt&gt;) DSN(SYS3.IOA.*.IOAC.) ACCESS(R)</fixtext><fix id="F-26272r868707_fix" /><check system="C-26284r868706_chk"><check-content-ref href="zOS_BMC_IOA_for_TSS_STIG.xml" name="M" /><check-content>Refer to the following report produced by the Data Set and Resource Data Collection:

- SENSITVE.RPT(IOAUSER)

Automated Analysis
Refer to the following report produced by the Data Set and Resource Data Collection:

- PDI(ZIOA0002)

Verify that the accesses to the BMC IOA User data sets are properly restricted. If the following guidance is true, this is not a finding.

___ The TSS data set access authorizations restricts READ access to auditors.

___ The TSS data set access authorizations restricts WRITE and/or greater access to systems programming personnel.

___ The TSS data set access authorizations restricts WRITE and/or greater access to the BMC STCs and/or batch users.

___ The TSS data set access authorizations restricts UPDATE access to production control and scheduling personnel and the BMC users.</check-content></check></Rule></Group><Group id="V-224602"><title>SRG-OS-000018</title><description>&lt;GroupDescription&gt;&lt;/GroupDescription&gt;</description><Rule id="SV-224602r868711_rule" weight="10.0" severity="medium"><version>ZIOAT020</version><title>BMC IOA resources must be properly defined and protected.</title><description>&lt;VulnDiscussion&gt;BMC IOA can run with sensitive system privileges, and potentially can circumvent system controls. Failure to properly control access to product resources could result in the compromise of the operating system environment, and compromise the confidentiality of customer data. Many utilities assign resource controls that can be granted to systems programmers only in greater than read authority. Resources are also granted to certain non systems personnel with read only authority.&lt;/VulnDiscussion&gt;&lt;FalsePositives&gt;&lt;/FalsePositives&gt;&lt;FalseNegatives&gt;&lt;/FalseNegatives&gt;&lt;Documentable&gt;false&lt;/Documentable&gt;&lt;Mitigations&gt;&lt;/Mitigations&gt;&lt;SeverityOverrideGuidance&gt;&lt;/SeverityOverrideGuidance&gt;&lt;PotentialImpacts&gt;&lt;/PotentialImpacts&gt;&lt;ThirdPartyTools&gt;&lt;/ThirdPartyTools&gt;&lt;MitigationControl&gt;&lt;/MitigationControl&gt;&lt;Responsibility&gt;&lt;/Responsibility&gt;&lt;IAControls&gt;&lt;/IAControls&gt;</description><reference><dc:title>DPMS Target zOS BMC IOA for TSS</dc:title><dc:publisher>DISA</dc:publisher><dc:type>DPMS Target</dc:type><dc:subject>zOS BMC IOA for TSS</dc:subject><dc:identifier>4172</dc:identifier></reference><ident system="http://cyber.mil/legacy">V-17947</ident><ident system="http://cyber.mil/legacy">SV-32066</ident><ident system="http://cyber.mil/cci">CCI-000035</ident><ident system="http://cyber.mil/cci">CCI-002234</ident><fixtext fixref="F-26273r868710_fix">The ISSO will work with the systems programmer to verify that the following are properly specified in the ACP.

Note: To determine what resource class is used review the IOACLASS setting in SECPARM. The "Trigger" resources i.e., $$SECxxx (xxx is unique to the product) are defined in the FACILITY resource class


(Note: The resource class, resources, and/or resource prefixes identified below are examples of a possible installation. The actual resource class, resources, and/or resource prefixes are determined when the product is actually installed on a system through the product's installation guide and can be site specific.)

Use BMC IOA Resources and BMC INCONTROL Resources Descriptions tables in the zOS STIG Addendum. These tables list the resources, descriptions, and access and logging requirements. Ensure the guidelines for the resources and/or generic equivalent specified in the z/OS STIG Addendum are followed.

The following commands are provided as a sample for implementing resource controls:

TSS ADD(ADMIN) IOA($$ADDCND)
TSS PERMIT(&lt;autoaudt&gt;) IOA($$ADDCND) ACC(ALL)
TSS PERMIT(&lt;operaudt&gt;) IOA($$ADDCND) ACC(ALL)
TSS PERMIT(&lt;pcspaudt&gt;) IOA($$ADDCND) ACC(ALL)
TSS PERMIT(&lt;prodaudt&gt;) IOA($$ADDCND) ACC(ALL)
TSS PERMIT(&lt;syspaudt&gt;) IOA($$ADDCND) ACC(ALL)
</fixtext><fix id="F-26273r868710_fix" /><check system="C-26285r868709_chk"><check-content-ref href="zOS_BMC_IOA_for_TSS_STIG.xml" name="M" /><check-content>Refer to the following report produced by the Data Set and Resource Data Collection:

- SENSITVE.RPT(ZIOA0020)

Automated Analysis
Refer to the following report produced by the Data Set and Resource Data Collection:

- PDI(ZIOA0020)

Verify that the accesses to resources and/or generic equivalent are properly restricted according to the requirements specified in BMC IOA Resources table in the z/OS STIG Addendum. If the following guidance is true, this is not a finding.

Note: To determine what resource class is used review the IOACLASS setting in SECPARM. The "Trigger" resources i.e., $$SECxxx (xxx is unique to the product) are defined in the FACILITY resource class

___ The TSS resources are owned or DEFPROT is specified for the resource class.

___ The TSS resource access authorizations restrict access to the appropriate personnel.

___ The TSS resource logging requirements are specified.</check-content></check></Rule></Group><Group id="V-224603"><title>SRG-OS-000104</title><description>&lt;GroupDescription&gt;&lt;/GroupDescription&gt;</description><Rule id="SV-224603r518949_rule" weight="10.0" severity="medium"><version>ZIOAT030</version><title>BMC IOA Started Task name must be properly identified and defined to the system ACP.</title><description>&lt;VulnDiscussion&gt;BMC IOA requires a started task that will be restricted to certain resources, datasets and other system functions. By defining the started task as a userid to the system ACP, It allows the ACP to control the access and authorized users that require these capabilities. Failure to properly control these capabilities, could compromise of the operating system environment, ACP, and customer data.&lt;/VulnDiscussion&gt;&lt;FalsePositives&gt;&lt;/FalsePositives&gt;&lt;FalseNegatives&gt;&lt;/FalseNegatives&gt;&lt;Documentable&gt;false&lt;/Documentable&gt;&lt;Mitigations&gt;&lt;/Mitigations&gt;&lt;SeverityOverrideGuidance&gt;&lt;/SeverityOverrideGuidance&gt;&lt;PotentialImpacts&gt;&lt;/PotentialImpacts&gt;&lt;ThirdPartyTools&gt;&lt;/ThirdPartyTools&gt;&lt;MitigationControl&gt;&lt;/MitigationControl&gt;&lt;Responsibility&gt;&lt;/Responsibility&gt;&lt;IAControls&gt;&lt;/IAControls&gt;</description><reference><dc:title>DPMS Target zOS BMC IOA for TSS</dc:title><dc:publisher>DISA</dc:publisher><dc:type>DPMS Target</dc:type><dc:subject>zOS BMC IOA for TSS</dc:subject><dc:identifier>4172</dc:identifier></reference><ident system="http://cyber.mil/legacy">V-17452</ident><ident system="http://cyber.mil/legacy">SV-32078</ident><ident system="http://cyber.mil/cci">CCI-000764</ident><fixtext fixref="F-26274r518948_fix">The IAO working with the systems programmer will ensure the BMC IOA Started Task(s) is (are) properly identified and/or defined to the System ACP. 

If the product requires a Started Task, verify that it is properly defined to the System ACP with the proper attributes.

Most installation manuals will indicate how the Started Task is identified and any additional attributes that must be specified.

The following commands are provided as a sample for defining Started Task(s):

TSS CREATE(IOAGATE) TYPE(USER) -
	NAME('*STC* for IOA') DEPT(xxxx) - 
 	FAC(STC,BATCH) -
	MASTFAC(IOA) PASS(xxxxxxxx,0) -
	SOURCE(INTRDR) NOSUSPEND</fixtext><fix id="F-26274r518948_fix" /><check system="C-26286r518947_chk"><check-content-ref href="zOS_BMC_IOA_for_TSS_STIG.xml" name="M" /><check-content>Refer to the following report produced by the TSS Data Collection:

-	TSSCMDS.RPT(@ACIDS)

Verify that the ACID(s) for the BMC IOA started task(s) is (are) properly defined.  If the following attributes are defined, this is not a finding.

FACILITY(STC, BATCH)
PASSWORD(xxxxxxxx,0)
MASTFAC(IOA)
SOURCE(INTRDR)
NOSUSPEND</check-content></check></Rule></Group><Group id="V-224604"><title>SRG-OS-000104</title><description>&lt;GroupDescription&gt;&lt;/GroupDescription&gt;</description><Rule id="SV-224604r518952_rule" weight="10.0" severity="medium"><version>ZIOAT032</version><title>BMC IOA Started task(s) must be properly defined to the Started Task Table ACID for Top Secret.</title><description>&lt;VulnDiscussion&gt;Access to product resources should be restricted to only those individuals responsible for the application connectivity and who have a requirement to access these resources.  Improper control of product resources could potentially compromise the operating system, ACP, and customer data.&lt;/VulnDiscussion&gt;&lt;FalsePositives&gt;&lt;/FalsePositives&gt;&lt;FalseNegatives&gt;&lt;/FalseNegatives&gt;&lt;Documentable&gt;false&lt;/Documentable&gt;&lt;Mitigations&gt;&lt;/Mitigations&gt;&lt;SeverityOverrideGuidance&gt;&lt;/SeverityOverrideGuidance&gt;&lt;PotentialImpacts&gt;&lt;/PotentialImpacts&gt;&lt;ThirdPartyTools&gt;&lt;/ThirdPartyTools&gt;&lt;MitigationControl&gt;&lt;/MitigationControl&gt;&lt;Responsibility&gt;&lt;/Responsibility&gt;&lt;IAControls&gt;&lt;/IAControls&gt;</description><reference><dc:title>DPMS Target zOS BMC IOA for TSS</dc:title><dc:publisher>DISA</dc:publisher><dc:type>DPMS Target</dc:type><dc:subject>zOS BMC IOA for TSS</dc:subject><dc:identifier>4172</dc:identifier></reference><ident system="http://cyber.mil/legacy">SV-32178</ident><ident system="http://cyber.mil/legacy">V-17454</ident><ident system="http://cyber.mil/cci">CCI-000764</ident><fixtext fixref="F-26275r518951_fix">The BMC IOA system programmer and the IAO will ensure that a product's started task(s) is (are) properly identified and/or defined to the System ACP. 

A unique ACID must be assigned for the BMC IOA started task(s) thru a corresponding STC table entry.

The following sample set of commands is shown here as a guideline:

TSS ADD(STC) PROCNAME(IOAGATE) ACID(IOAGATE)</fixtext><fix id="F-26275r518951_fix" /><check system="C-26287r518950_chk"><check-content-ref href="zOS_BMC_IOA_for_TSS_STIG.xml" name="M" /><check-content>Refer to the following report produced by the TSS Data Collection:

-	TSSCMDS.RPT(#STC)

Automated Analysis
Refer to the following report produced by the TSS Data Collection:

-	PDI(ZIOA0032)

Verify that the BMC IOA started task(s) is (are) defined in the TSS STC record.</check-content></check></Rule></Group><Group id="V-224605"><title>SRG-OS-000104</title><description>&lt;GroupDescription&gt;&lt;/GroupDescription&gt;</description><Rule id="SV-224605r518955_rule" weight="10.0" severity="medium"><version>ZIOAT036</version><title>BMC IOA is not properly defined to the Facility Matrix Table for Top Secret.</title><description>&lt;VulnDiscussion&gt;Improperly defined security controls for BMC IOA could result in the compromise of the network, operating system, and customer data.&lt;/VulnDiscussion&gt;&lt;FalsePositives&gt;&lt;/FalsePositives&gt;&lt;FalseNegatives&gt;&lt;/FalseNegatives&gt;&lt;Documentable&gt;false&lt;/Documentable&gt;&lt;Mitigations&gt;&lt;/Mitigations&gt;&lt;SeverityOverrideGuidance&gt;&lt;/SeverityOverrideGuidance&gt;&lt;PotentialImpacts&gt;&lt;/PotentialImpacts&gt;&lt;ThirdPartyTools&gt;&lt;/ThirdPartyTools&gt;&lt;MitigationControl&gt;&lt;/MitigationControl&gt;&lt;Responsibility&gt;&lt;/Responsibility&gt;&lt;IAControls&gt;&lt;/IAControls&gt;</description><reference><dc:title>DPMS Target zOS BMC IOA for TSS</dc:title><dc:publisher>DISA</dc:publisher><dc:type>DPMS Target</dc:type><dc:subject>zOS BMC IOA for TSS</dc:subject><dc:identifier>4172</dc:identifier></reference><ident system="http://cyber.mil/legacy">V-17469</ident><ident system="http://cyber.mil/legacy">SV-32350</ident><ident system="http://cyber.mil/cci">CCI-000764</ident><fixtext fixref="F-26276r518954_fix">The BMC IOA system programmer and the IAO will ensure that the TOP SECRET Facility Matrix Table is proper defined using the following example:

IOA:
FACILITY(USERxx=NAME=IOA,PGM=IOA,ID=nn,ACTIVE,SHRPRF)
FACILITY(IOA=ASUBM,NOABEND,MULTIUSER,NOXDEF)
FACILITY(IOA=LUMSG,STMSG,SIGN(S),NORNDPW)
FACILITY(IOA=NOAUDIT,RES,WARNPW,NOTSOC)
FACILITY(IOA=MODE=FAIL,LOG(SMF,INIT,MSG,SEC9))
FACILITY(IOA=UIDACID=8,LOCKTIME=000)</fixtext><fix id="F-26276r518954_fix" /><check system="C-26288r518953_chk"><check-content-ref href="zOS_BMC_IOA_for_TSS_STIG.xml" name="M" /><check-content>Refer to the following report produced by the TSS Data Collection:

-       TSSCMDS.RPT(FACLIST) - Preferred report containing all control option values in effect including default values
-       TSSCMDS.RPT(TSSPRMFL) - Alternate report containing only control option values explicitly coded at TSS startup

Ensure the BMC IOA Facility Matrix table is defined as follows:

FAC(USERxx=NAME=IOA,PGM=IOA,ID=nn,ACTIVE,SHRPRF,ASUBM)
FAC(IOA=NOABEND,MULTIUSER,NOXDEF,SIGN(S),RES,LUMSG)
FAC(IOA=STMSG,WARNPW,NORNDPW,NOAUDIT,NOTSOC,MODE=FAIL)
FAC(IOA=LOG(SMF,INIT,MSG,SEC9),UIDACID=8,LOCKTIME=000)</check-content></check></Rule></Group><Group id="V-224606"><title>SRG-OS-000018</title><description>&lt;GroupDescription&gt;&lt;/GroupDescription&gt;</description><Rule id="SV-224606r518958_rule" weight="10.0" severity="medium"><version>ZIOAT040</version><title>BMC IOA configuration/parameter values are not specified properly.</title><description>&lt;VulnDiscussion&gt;BMC IOA configuration/parameters control the security and operational characteristics of products.  If these parameter values are improperly specified, security and operational controls may be weakened.  This exposure may threaten the availability of the product applications, and compromise the confidentiality of customer data.&lt;/VulnDiscussion&gt;&lt;FalsePositives&gt;&lt;/FalsePositives&gt;&lt;FalseNegatives&gt;&lt;/FalseNegatives&gt;&lt;Documentable&gt;false&lt;/Documentable&gt;&lt;Mitigations&gt;&lt;/Mitigations&gt;&lt;SeverityOverrideGuidance&gt;&lt;/SeverityOverrideGuidance&gt;&lt;PotentialImpacts&gt;&lt;/PotentialImpacts&gt;&lt;ThirdPartyTools&gt;&lt;/ThirdPartyTools&gt;&lt;MitigationControl&gt;&lt;/MitigationControl&gt;&lt;Responsibility&gt;&lt;/Responsibility&gt;&lt;IAControls&gt;&lt;/IAControls&gt;</description><reference><dc:title>DPMS Target zOS BMC IOA for TSS</dc:title><dc:publisher>DISA</dc:publisher><dc:type>DPMS Target</dc:type><dc:subject>zOS BMC IOA for TSS</dc:subject><dc:identifier>4172</dc:identifier></reference><ident system="http://cyber.mil/legacy">V-18014</ident><ident system="http://cyber.mil/legacy">SV-31960</ident><ident system="http://cyber.mil/cci">CCI-000035</ident><fixtext fixref="F-26277r518957_fix">The BMC IOA Systems programmer will verify that any configuration/parameters that are required to control the security of the product are properly configured and syntactically correct.  Set the standard values for the BMC IOA security parameters for the specific ACP environment along with additional IOA security parameters with standard values as documented below.

Keyword	Value
DEFMCHKI	$$IOAEDM
SECTOLI	NO
DFMI06	EXTEND
DFMI07	EXTEND
DFMI09	EXTEND
DFMI12	EXTEND
DFMI16	EXTEND
DFMI32	EXTEND
DFMI40	EXTEND
DFMI42	EXTEND
IOACLASS	IOA
TSSCLAS	ACIDCHK
IOATCBS	YES</fixtext><fix id="F-26277r518957_fix" /><check system="C-26289r518956_chk"><check-content-ref href="zOS_BMC_IOA_for_TSS_STIG.xml" name="M" /><check-content>Refer to the following applicable reports produced by the z/OS Data Collection:

-	IOA.RPT(SECPARM)

Automated Analysis
Refer to the following report produced by the z/OS Data Collection:

-	PDI(ZIOA0040)

The following keywords will have the specified values in the BMC IOA security parameter member:

Keyword	Value
DEFMCHKI	$$IOAEDM
SECTOLI	NO
DFMI06	EXTEND
DFMI07	EXTEND
DFMI09	EXTEND
DFMI12	EXTEND
DFMI16	EXTEND
DFMI32	EXTEND
DFMI40	EXTEND
DFMI42	EXTEND
IOACLASS	IOA
TSSCLAS	ACIDCHK
IOATCBS	YES</check-content></check></Rule></Group></Benchmark>