<?xml version="1.0" encoding="utf-8"?><?xml-stylesheet type='text/xsl' href='STIG_unclass.xsl'?><Benchmark xmlns:dc="http://purl.org/dc/elements/1.1/" xmlns:xsi="http://www.w3.org/2001/XMLSchema-instance" xmlns:cpe="http://cpe.mitre.org/language/2.0" xmlns:xhtml="http://www.w3.org/1999/xhtml" xmlns:dsig="http://www.w3.org/2000/09/xmldsig#" xsi:schemaLocation="http://checklists.nist.gov/xccdf/1.1 http://nvd.nist.gov/schema/xccdf-1.1.4.xsd http://cpe.mitre.org/dictionary/2.0 http://cpe.mitre.org/files/cpe-dictionary_2.1.xsd" id="zOS_FEP_for_TSS" xml:lang="en" xmlns="http://checklists.nist.gov/xccdf/1.1"><status date="2024-12-16">accepted</status><title>zOS Front End Processor for TSS Security Technical Implementation Guide</title><description>This Security Technical Implementation Guide is published as a tool to improve the security of Department of Defense (DOD) information systems. The requirements are derived from the National Institute of Standards and Technology (NIST) 800-53 and related documents. Comments or proposed revisions to this document should be sent via email to the following address: disa.stig_spt@mail.mil.</description><notice id="terms-of-use" xml:lang="en"></notice><front-matter xml:lang="en"></front-matter><rear-matter xml:lang="en"></rear-matter><reference href="https://cyber.mil"><dc:publisher>DISA</dc:publisher><dc:source>STIG.DOD.MIL</dc:source></reference><plain-text id="release-info">Release: 1 Benchmark Date: 30 Jan 2025</plain-text><plain-text id="generator">3.5</plain-text><plain-text id="conventionsVersion">1.10.0</plain-text><version>7</version><Profile id="MAC-1_Classified"><title>I - Mission Critical Classified</title><description>&lt;ProfileDescription&gt;&lt;/ProfileDescription&gt;</description><select idref="V-224720" selected="true" /><select idref="V-224722" selected="true" /><select idref="V-224723" selected="true" /><select idref="V-224724" selected="true" /><select idref="V-224725" selected="true" /></Profile><Profile id="MAC-1_Public"><title>I - Mission Critical Public</title><description>&lt;ProfileDescription&gt;&lt;/ProfileDescription&gt;</description><select idref="V-224720" selected="true" /><select idref="V-224722" selected="true" /><select idref="V-224723" selected="true" /><select idref="V-224724" selected="true" /><select idref="V-224725" selected="true" /></Profile><Profile id="MAC-1_Sensitive"><title>I - Mission Critical Sensitive</title><description>&lt;ProfileDescription&gt;&lt;/ProfileDescription&gt;</description><select idref="V-224720" selected="true" /><select idref="V-224722" selected="true" /><select idref="V-224723" selected="true" /><select idref="V-224724" selected="true" /><select idref="V-224725" selected="true" /></Profile><Profile id="MAC-2_Classified"><title>II - Mission Support Classified</title><description>&lt;ProfileDescription&gt;&lt;/ProfileDescription&gt;</description><select idref="V-224720" selected="true" /><select idref="V-224722" selected="true" /><select idref="V-224723" selected="true" /><select idref="V-224724" selected="true" /><select idref="V-224725" selected="true" /></Profile><Profile id="MAC-2_Public"><title>II - Mission Support Public</title><description>&lt;ProfileDescription&gt;&lt;/ProfileDescription&gt;</description><select idref="V-224720" selected="true" /><select idref="V-224722" selected="true" /><select idref="V-224723" selected="true" /><select idref="V-224724" selected="true" /><select idref="V-224725" selected="true" /></Profile><Profile id="MAC-2_Sensitive"><title>II - Mission Support Sensitive</title><description>&lt;ProfileDescription&gt;&lt;/ProfileDescription&gt;</description><select idref="V-224720" selected="true" /><select idref="V-224722" selected="true" /><select idref="V-224723" selected="true" /><select idref="V-224724" selected="true" /><select idref="V-224725" selected="true" /></Profile><Profile id="MAC-3_Classified"><title>III - Administrative Classified</title><description>&lt;ProfileDescription&gt;&lt;/ProfileDescription&gt;</description><select idref="V-224720" selected="true" /><select idref="V-224722" selected="true" /><select idref="V-224723" selected="true" /><select idref="V-224724" selected="true" /><select idref="V-224725" selected="true" /></Profile><Profile id="MAC-3_Public"><title>III - Administrative Public</title><description>&lt;ProfileDescription&gt;&lt;/ProfileDescription&gt;</description><select idref="V-224720" selected="true" /><select idref="V-224722" selected="true" /><select idref="V-224723" selected="true" /><select idref="V-224724" selected="true" /><select idref="V-224725" selected="true" /></Profile><Profile id="MAC-3_Sensitive"><title>III - Administrative Sensitive</title><description>&lt;ProfileDescription&gt;&lt;/ProfileDescription&gt;</description><select idref="V-224720" selected="true" /><select idref="V-224722" selected="true" /><select idref="V-224723" selected="true" /><select idref="V-224724" selected="true" /><select idref="V-224725" selected="true" /></Profile><Group id="V-224720"><title>SRG-OS-000480</title><description>&lt;GroupDescription&gt;&lt;/GroupDescription&gt;</description><Rule id="SV-224720r959010_rule" weight="10.0" severity="medium"><version>ZFEP0011</version><title>All hardware components of the FEPs are not placed in secure locations where they cannot be stolen, damaged, or disturbed</title><description>&lt;VulnDiscussion&gt;If components of the FEPs are not properly protected they can be stolen, damaged, or disturbed.  Without adequate physical security, unauthorized users can access the control panel, the operator console, and the diskette drive of the service subsystem.  Therefore, they can interfere with the normal operations of the FEPs.  Improper control of FEP components could compromise network operations.&lt;/VulnDiscussion&gt;&lt;FalsePositives&gt;&lt;/FalsePositives&gt;&lt;FalseNegatives&gt;&lt;/FalseNegatives&gt;&lt;Documentable&gt;false&lt;/Documentable&gt;&lt;Mitigations&gt;&lt;/Mitigations&gt;&lt;SeverityOverrideGuidance&gt;&lt;/SeverityOverrideGuidance&gt;&lt;PotentialImpacts&gt;&lt;/PotentialImpacts&gt;&lt;ThirdPartyTools&gt;&lt;/ThirdPartyTools&gt;&lt;MitigationControl&gt;&lt;/MitigationControl&gt;&lt;Responsibility&gt;&lt;/Responsibility&gt;&lt;IAControls&gt;&lt;/IAControls&gt;</description><reference><dc:title>DPMS Target zOS Front End Processor for TSS</dc:title><dc:publisher>DISA</dc:publisher><dc:type>DPMS Target</dc:type><dc:subject>zOS Front End Processor for TSS</dc:subject><dc:identifier>4193</dc:identifier></reference><ident system="http://cyber.mil/legacy">SV-7195</ident><ident system="http://cyber.mil/legacy">V-6900</ident><ident system="http://cyber.mil/cci">CCI-000366</ident><ident system="http://cyber.mil/cci">CCI-000933</ident><fixtext fixref="F-26399r520182_fix">Ensure that hardware components of the FEPs are protected as specified below:

Physical security is the first level of security control for the FEPs.  Install all hardware components of the FEPs in secure locations where they cannot be stolen, damaged, or disturbed. Make sure that FEP hardware is located in a secure area with limited access to authorized personnel. </fixtext><fix id="F-26399r520182_fix" /><check system="C-26411r520181_chk"><check-content-ref href="zOS_Front_End_Processor_for_TSS_STIG.xml" name="M" /><check-content>a)	Review site documentation to validate that procedures are in place to protect the FEP service subsystem and diskette drive:

-	Documents and procedures restricting access to the hardware components of the FEPs.

b)	If the hardware components of the FEPs are located in secure locations, there is NO FINDING.

c)	If the hardware components of the FEPs are not located in secure locations, this is a FINDING.</check-content></check></Rule></Group><Group id="V-224722"><title>SRG-OS-000480</title><description>&lt;GroupDescription&gt;&lt;/GroupDescription&gt;</description><Rule id="SV-224722r959010_rule" weight="10.0" severity="medium"><version>ZFEP0013</version><title>A documented procedure is not available instructing how to load and dump the FEP NCP (Network Control Program).</title><description>&lt;VulnDiscussion&gt;If components of the FEPs are not properly protected they can be stolen, damaged, or disturbed.  Without adequate physical security, unauthorized users can access the control panel, the operator console, and the diskette drive of the service subsystem.  Therefore, they can interfere with the normal operations of the FEPs.  Improper control of FEP components could compromise network operations.&lt;/VulnDiscussion&gt;&lt;FalsePositives&gt;&lt;/FalsePositives&gt;&lt;FalseNegatives&gt;&lt;/FalseNegatives&gt;&lt;Documentable&gt;false&lt;/Documentable&gt;&lt;Mitigations&gt;&lt;/Mitigations&gt;&lt;SeverityOverrideGuidance&gt;&lt;/SeverityOverrideGuidance&gt;&lt;PotentialImpacts&gt;&lt;/PotentialImpacts&gt;&lt;ThirdPartyTools&gt;&lt;/ThirdPartyTools&gt;&lt;MitigationControl&gt;&lt;/MitigationControl&gt;&lt;Responsibility&gt;&lt;/Responsibility&gt;&lt;IAControls&gt;&lt;/IAControls&gt;</description><reference><dc:title>DPMS Target zOS Front End Processor for TSS</dc:title><dc:publisher>DISA</dc:publisher><dc:type>DPMS Target</dc:type><dc:subject>zOS Front End Processor for TSS</dc:subject><dc:identifier>4193</dc:identifier></reference><ident system="http://cyber.mil/legacy">SV-7197</ident><ident system="http://cyber.mil/legacy">V-6902</ident><ident system="http://cyber.mil/cci">CCI-000366</ident><ident system="http://cyber.mil/cci">CCI-000504</ident><fixtext fixref="F-26401r520188_fix">If documented procedures for loading and dumping the FEP NCP (Network Control Program) are not available. Create a procedure document for dumping and loading the FEP and make sure that they are available to the IAO and to authorized personnel responsible to perform these functions.</fixtext><fix id="F-26401r520188_fix" /><check system="C-26413r520187_chk"><check-content-ref href="zOS_Front_End_Processor_for_TSS_STIG.xml" name="M" /><check-content>a)	Review site documentation to validate that procedures are in place to protect the FEP service subsystem and diskette drive:

-	Documents and procedures regarding the NCP load and dump processes.

b)	If a procedure is in place relative to the NCP load and dump processes, there is NO FINDING.

c)	If no procedure is in place relative to the NCP load and dump processes, this is a FINDING.</check-content></check></Rule></Group><Group id="V-224723"><title>SRG-OS-000480</title><description>&lt;GroupDescription&gt;&lt;/GroupDescription&gt;</description><Rule id="SV-224723r959010_rule" weight="10.0" severity="medium"><version>ZFEP0014</version><title>An active log is not available to keep track of all hardware upgrades and software changes made to the FEP (Front End Processor).</title><description>&lt;VulnDiscussion&gt;If components of the FEPs are not properly protected they can be stolen, damaged, or disturbed.  Without adequate physical security, unauthorized users can access the control panel, the operator console, and the diskette drive of the service subsystem.  Therefore, they can interfere with the normal operations of the FEPs.  Improper control of FEP components could compromise network operations.&lt;/VulnDiscussion&gt;&lt;FalsePositives&gt;&lt;/FalsePositives&gt;&lt;FalseNegatives&gt;&lt;/FalseNegatives&gt;&lt;Documentable&gt;false&lt;/Documentable&gt;&lt;Mitigations&gt;&lt;/Mitigations&gt;&lt;SeverityOverrideGuidance&gt;&lt;/SeverityOverrideGuidance&gt;&lt;PotentialImpacts&gt;&lt;/PotentialImpacts&gt;&lt;ThirdPartyTools&gt;&lt;/ThirdPartyTools&gt;&lt;MitigationControl&gt;&lt;/MitigationControl&gt;&lt;Responsibility&gt;&lt;/Responsibility&gt;&lt;IAControls&gt;&lt;/IAControls&gt;</description><reference><dc:title>DPMS Target zOS Front End Processor for TSS</dc:title><dc:publisher>DISA</dc:publisher><dc:type>DPMS Target</dc:type><dc:subject>zOS Front End Processor for TSS</dc:subject><dc:identifier>4193</dc:identifier></reference><ident system="http://cyber.mil/legacy">SV-7198</ident><ident system="http://cyber.mil/legacy">V-6903</ident><ident system="http://cyber.mil/cci">CCI-000318</ident><ident system="http://cyber.mil/cci">CCI-000366</ident><fixtext fixref="F-26402r520191_fix">The systems programmer will see  that a a log of all hardware and software upgrades/changes has been created for auditing purposes and problem tracking. All changes and upgrades will be logged.</fixtext><fix id="F-26402r520191_fix" /><check system="C-26414r520190_chk"><check-content-ref href="zOS_Front_End_Processor_for_TSS_STIG.xml" name="M" /><check-content>a)	Review site documentation to validate that procedures are in place to protect the FEP service subsystem and diskette drive:

-	All documents and procedures that apply to FEP operations including network management, FEP initialization, IPL, shutdown, NCP dumping, backup, and recovery.

b)	If a log is in place to keep track of all hardware upgrades and software changes, there is NO FINDING.

c)	If no log is in place to keep track of all hardware upgrades and software changes, this is a FINDING.</check-content></check></Rule></Group><Group id="V-224724"><title>SRG-OS-000259</title><description>&lt;GroupDescription&gt;&lt;/GroupDescription&gt;</description><Rule id="SV-224724r958616_rule" weight="10.0" severity="medium"><version>ZFEP0015</version><title>NCP (Net Work Control Program) Data set access authorization does not restricts UPDATE and/or ALLOCATE access to appropriate personnel.</title><description>&lt;VulnDiscussion&gt;If components of the FEPs are not properly protected they can be stolen, damaged, or disturbed.  Without adequate physical security, unauthorized users can access the control panel, the operator console, and the diskette drive of the service subsystem.  Therefore, they can interfere with the normal operations of the FEPs.  Improper control of FEP components could compromise network operations.&lt;/VulnDiscussion&gt;&lt;FalsePositives&gt;&lt;/FalsePositives&gt;&lt;FalseNegatives&gt;&lt;/FalseNegatives&gt;&lt;Documentable&gt;false&lt;/Documentable&gt;&lt;Mitigations&gt;&lt;/Mitigations&gt;&lt;SeverityOverrideGuidance&gt;&lt;/SeverityOverrideGuidance&gt;&lt;PotentialImpacts&gt;&lt;/PotentialImpacts&gt;&lt;ThirdPartyTools&gt;&lt;/ThirdPartyTools&gt;&lt;MitigationControl&gt;&lt;/MitigationControl&gt;&lt;Responsibility&gt;&lt;/Responsibility&gt;&lt;IAControls&gt;&lt;/IAControls&gt;</description><reference><dc:title>DPMS Target zOS Front End Processor for TSS</dc:title><dc:publisher>DISA</dc:publisher><dc:type>DPMS Target</dc:type><dc:subject>zOS Front End Processor for TSS</dc:subject><dc:identifier>4193</dc:identifier></reference><ident system="http://cyber.mil/legacy">SV-7199</ident><ident system="http://cyber.mil/legacy">V-6904</ident><ident system="http://cyber.mil/cci">CCI-001499</ident><fixtext fixref="F-26403r520194_fix">Identify Names of the following data sets used for installation and in development/production environments:
	
-	NCP system data sets
-	NCP source definition data sets
-	NCP load modules
-	NCP host dump data sets
-	NCP utility programs
Have the IAO validate that they are properly protected by the ACP. And that only authorized personnel are permitted UPDATE and/or ALLOCATE access  (e.g., z/OS systems programming personnel).</fixtext><fix id="F-26403r520194_fix" /><check system="C-26415r520193_chk"><check-content-ref href="zOS_Front_End_Processor_for_TSS_STIG.xml" name="M" /><check-content>a)	Refer to the following report produced by the Data Set and Resource Data Collection:

-	SENSITVE.RPT(NCPRPT)

___	The ACP data set rules for NCP data sets allow inappropriate access.

___	The ACP data set rules for NCP data sets does not restrict UPDATE and/or ALL access to authorized personnel (e.g., systems programming personnel).

b)	If both of the above are untrue, there is NO FINDING.

c)	If either of the above is true, this is a FINDING.</check-content></check></Rule></Group><Group id="V-224725"><title>SRG-OS-000080</title><description>&lt;GroupDescription&gt;&lt;/GroupDescription&gt;</description><Rule id="SV-224725r958472_rule" weight="10.0" severity="medium"><version>ZFEP0016</version><title>A password control is not in place to restrict access to the service subsystem via the operator consoles (local and/or remote) and a key-lock switch is not used to protect the modem supporting the remote console of the service subsystem.</title><description>&lt;VulnDiscussion&gt;If components of the FEPs are not properly protected they can be stolen, damaged, or disturbed.  Without adequate physical security, unauthorized users can access the control panel, the operator console, and the diskette drive of the service subsystem.  Therefore, they can interfere with the normal operations of the FEPs.  Improper control of FEP components could compromise network operations.&lt;/VulnDiscussion&gt;&lt;FalsePositives&gt;&lt;/FalsePositives&gt;&lt;FalseNegatives&gt;&lt;/FalseNegatives&gt;&lt;Documentable&gt;false&lt;/Documentable&gt;&lt;Mitigations&gt;&lt;/Mitigations&gt;&lt;SeverityOverrideGuidance&gt;&lt;/SeverityOverrideGuidance&gt;&lt;PotentialImpacts&gt;&lt;/PotentialImpacts&gt;&lt;ThirdPartyTools&gt;&lt;/ThirdPartyTools&gt;&lt;MitigationControl&gt;&lt;/MitigationControl&gt;&lt;Responsibility&gt;&lt;/Responsibility&gt;&lt;IAControls&gt;&lt;/IAControls&gt;</description><reference><dc:title>DPMS Target zOS Front End Processor for TSS</dc:title><dc:publisher>DISA</dc:publisher><dc:type>DPMS Target</dc:type><dc:subject>zOS Front End Processor for TSS</dc:subject><dc:identifier>4193</dc:identifier></reference><ident system="http://cyber.mil/legacy">SV-7200</ident><ident system="http://cyber.mil/legacy">V-6905</ident><ident system="http://cyber.mil/cci">CCI-000213</ident><fixtext fixref="F-26404r520197_fix">If any of the below procedures are not in place, than correct the situation by documenting the missing procedure(s).

The systems programmer should validate that Control authorization to use service subsystem console (local or remote) by FEP internal security control through password validation.  Restrict access to these passwords to the absolutely minimum number of necessary personnel.  Use of vendor default passwords is prohibited.  Assign different passwords for the local and remote consoles.  Disconnect the local/remote console after three unsuccessful attempts to log on.  Passwords used by vendor (COMTEN, IBM, CNT, or AMDAHL) service personnel will be changed after any maintenance is done.  All passwords will be changed every 90 days.  Restrict permission to change passwords only to authorized personnel.

Use a key lock switch on the modem supporting the remote console of the service subsystem to prevent unauthorized access.  The key lock switch is only open for scheduled and authorized remote access.</fixtext><fix id="F-26404r520197_fix" /><check system="C-26416r520196_chk"><check-content-ref href="zOS_Front_End_Processor_for_TSS_STIG.xml" name="M" /><check-content>a)	Review site documentation to validate that procedures are in place to protect the FEP service subsystem and diskette drive:

-	Documents and procedures restricting access to the functions of the service subsystem from the local and/or remote operator consoles (e.g., physical access, password control, key-lock switch of modems, etc.).

b)	If a password control is in place to restrict access to the service subsystem via the operator consoles (local and/or remote), there is NO FINDING.

c)	If a key-lock switch is used to protect the modem supporting the remote console of the service subsystem, there is NO FINDING.

d)	If no procedure exists for any of the above functions of the service subsystem and FEP resources, this is a FINDING.</check-content></check></Rule></Group></Benchmark>